code,name,sector,price,high12m,yield,score,ng_count,ng_items,in_model_pf,prices_updated_at
1301,極洋,水産・農林業,4605.0,5440,3.47,5.0,4,配当利回り／営業利益率／自己資本比率／営業キャッシュフロー,0,2026-09-29 15:17
1305,ｉＦｒｅｅＥＴＦ　ＴＯＰＩＸ（年１回決算型）,ETF,4281.0,4364,1.85,5.0,1,配当利回り,0,2026-09-29 15:17
1306,ＮＥＸＴ　ＦＵＮＤＳ　ＴＯＰＩＸ連動型上場投信,ETF,423.8,434,1.87,0.0,2,配当利回り／1株配当の推移,0,2026-09-29 15:17
1308,上場インデックスファンドＴＯＰＩＸ,ETF,4185.0,4271,1.92,5.0,1,配当利回り,0,2026-09-29 15:17
1309,ＮＥＸＴ　ＦＵＮＤＳ　ＣｈｉｎａＡＭＣ・中国株式・上証５０連動型上場投信,ETF,54450.0,56230,0.0,0.0,1,配当利回り,0,2026-09-29 15:17
1311,ＮＥＸＴ　ＦＵＮＤＳ　ＴＯＰＩＸ　Ｃｏｒｅ　３０連動型上場投信,ETF,2121.0,2161,2.27,0.0,2,配当利回り／1株配当の推移,0,2026-09-29 15:17
1319,ＮＥＸＴ　ＦＵＮＤＳ　日経３００株価指数連動型上場投信,ETF,733.0,774,1.87,0.0,2,配当利回り／1株配当の推移,0,2026-09-29 15:17
1320,ｉＦｒｅｅＥＴＦ　日経２２５（年１回決算型）,ETF,67430.0,73220,1.19,2.5,1,配当利回り,0,2026-09-29 15:17
1321,ＮＥＸＴ　ＦＵＮＤＳ　日経２２５連動型上場投信,ETF,67720.0,73510,1.21,2.5,1,配当利回り,0,2026-09-29 15:17
1322,上場インデックスファンド中国Ａ株（パンダ）Ｅ　Ｆｕｎｄ　ＣＳＩ３００,ETF,11105.0,12520,0.0,0.0,1,配当利回り,0,2026-09-29 15:17
1325,ＮＥＸＴ　ＦＵＮＤＳ　ブラジル株式指数・ボベスパ連動型上場投信,ETF,287.1,330,4.23,5.0,1,1株配当の推移,0,2026-09-29 15:17
1326,ＳＰＤＲゴールド・シェア,ETF,59740.0,74370,,,0,,0,2026-09-29 15:17
1328,ＮＥＸＴ　ＦＵＮＤＳ　金価格連動型上場投信,ETF,15380.0,19220,0.0,0.0,1,配当利回り,0,2026-09-29 15:17
1329,ｉシェアーズ・コア　日経２２５　ＥＴＦ,ETF,6770.0,7311,1.27,0.0,2,配当利回り／1株配当の推移,0,2026-09-29 15:17
1330,上場インデックスファンド２２５,ETF,67700.0,73390,1.24,2.5,1,配当利回り,0,2026-09-29 15:17
1333,Ｕｍｉｏｓ,水産・農林業,1242.0,1586,3.62,5.5,3,営業利益率／自己資本比率／営業キャッシュフロー,0,2026-09-29 15:17
1343,ＮＥＸＴ　ＦＵＮＤＳ　東証ＲＥＩＴ　指数連動型上場投信,J-REIT市場,1854.0,2180,5.02,10.0,0,,1,2026-09-29 15:17
1345,上場インデックスファンドＪリート（東証ＲＥＩＴ指数）隔月分配型,J-REIT市場,1731.0,2056,4.92,5.0,1,1株配当の推移,0,2026-09-29 15:17
1346,ＭＡＸＩＳ　日経２２５上場投信,ETF,67650.0,72890,1.17,2.5,1,配当利回り,0,2026-09-29 15:17
1348,ＭＡＸＩＳ　トピックス上場投信,ETF,4223.0,4310,1.85,5.0,1,配当利回り,0,2026-09-29 15:17
1349,ＡＢＦ汎アジア債券インデックス・ファンド,ETF,17385.0,17970,2.69,0.0,2,配当利回り／1株配当の推移,0,2026-09-29 15:17
1356,ＴＯＰＩＸベア２倍上場投信,ETF,106.5,208,0.0,0.0,1,配当利回り,0,2026-09-29 15:17
1357,ＮＥＸＴ　ＦＵＮＤＳ　日経平均ダブルインバース・インデックス連動型上場投信,ETF,2794.0,7677,0.0,0.0,1,配当利回り,0,2026-09-29 15:17
1358,上場インデックスファンド日経レバレッジ指数,ETF,128350.0,152900,0.49,0.0,2,配当利回り／1株配当の推移,0,2026-09-29 15:17
1360,日経平均ベア２倍上場投信,ETF,68.5,188,0.0,0.0,1,配当利回り,0,2026-09-29 15:17
1364,ｉシェアーズ　ＪＰＸ日経４００　ＥＴＦ,ETF,3723.0,3833,1.83,2.5,1,配当利回り,0,2026-09-29 15:17
1365,ｉＦｒｅｅＥＴＦ　日経平均レバレッジ・インデックス,ETF,4159.0,89330,0.0,0.0,1,配当利回り,0,2026-09-29 15:17
1366,ｉＦｒｅｅＥＴＦ　日経平均ダブルインバース・インデックス,ETF,71.0,193,0.0,0.0,1,配当利回り,0,2026-09-29 15:17
1367,ｉＦｒｅｅＥＴＦ　ＴＯＰＩＸレバレッジ（２倍）指数,ETF,3032.0,72830,0.0,0.0,1,配当利回り,0,2026-09-29 15:17
1368,ｉＦｒｅｅＥＴＦ　ＴＯＰＩＸダブルインバース（－２倍）指数,ETF,155.0,301,0.0,0.0,1,配当利回り,0,2026-09-29 15:17
1369,Ｏｎｅ　ＥＴＦ　日経２２５,ETF,65650.0,70980,1.23,0.0,2,配当利回り／1株配当の推移,0,2026-09-29 15:17
1381,アクシーズ,水産・農林業,3570.0,4245,3.35,7.5,1,配当利回り,0,2026-09-29 15:17
1382,ホーブ,水産・農林業,750.0,2687,6.66,4.0,5,営業利益率／EPSの推移／1株配当の推移／配当性向／営業キャッシュフロー,0,2026-09-29 15:17
1384,ホクリヨウ,水産・農林業,2120.0,3330,3.77,9.0,0,,0,2026-09-29 15:17
1397,ＳＭＤＡＭ　日経２２５上場投信,ETF,66000.0,71510,1.17,2.5,1,配当利回り,0,2026-09-29 15:17
1398,ＳＭＤＡＭ　東証ＲＥＩＴ指数上場投信,J-REIT市場,1751.0,2086,4.98,7.5,0,,0,2026-09-29 15:17
1399,上場インデックスファンドＭＳＣＩ日本株高配当低ボラティリティ,ETF,3168.0,3250,2.33,2.5,1,配当利回り,0,2026-09-29 15:17
1407,ウエストホールディングス,建設業,2128.0,2877,3.3,4.5,5,配当利回り／自己資本比率／売上高の推移／1株配当の推移／営業キャッシュフロー,0,2026-09-29 15:17
1414,ショーボンドホールディングス,建設業,1255.0,1470,3.7,8.5,0,,0,2026-09-29 15:17
1418,インターライフホールディングス,建設業,601.0,711,4.99,7.5,1,営業キャッシュフロー,0,2026-09-29 15:17
1419,タマホーム,建設業,2907.0,4000,4.47,2.5,6,営業利益率／自己資本比率／流動比率／1株配当の推移／配当性向／現金等,0,2026-09-29 15:17
1420,サンヨーホームズ,建設業,630.0,731,3.98,5.0,4,営業利益率／自己資本比率／EPSの推移／営業キャッシュフロー,0,2026-09-29 15:17
1429,日本アクア,建設業,805.0,935,4.35,6.0,2,流動比率／営業キャッシュフロー,0,2026-09-29 15:17
1430,ファーストコーポレーション,建設業,1067.0,1148,4.79,5.5,4,自己資本比率／1株配当の推移／営業キャッシュフロー／現金等,0,2026-09-29 15:17
1433,ベステラ,建設業,1180.0,1354,3.39,6.0,4,配当利回り／営業利益率／EPSの推移／営業キャッシュフロー,0,2026-09-29 15:17
1450,ＴＡＮＡＫＥＮ,建設業,1500.0,1609,3.66,8.5,1,営業キャッシュフロー,0,2026-09-29 15:17
1456,ｉＦｒｅｅＥＴＦ　日経平均インバース・インデックス,ETF,1271.0,2016,0.0,0.0,1,配当利回り,0,2026-09-29 15:17
1457,ｉＦｒｅｅＥＴＦ　ＴＯＰＩＸインバース（－１倍）指数,ETF,1777.0,2417,0.0,0.0,1,配当利回り,0,2026-09-29 15:17
1458,楽天ＥＴＦ‐日経レバレッジ指数連動型,ETF,80450.0,94780,0.0,0.0,1,配当利回り,0,2026-09-29 15:17
1459,楽天ＥＴＦ‐日経ダブルインバース指数連動型,ETF,112.0,309,0.0,0.0,1,配当利回り,0,2026-09-29 15:17
1466,ｉＦｒｅｅＥＴＦ　ＪＰＸ日経４００ダブルインバース・インデックス,ETF,200.0,393,0.0,0.0,1,配当利回り,0,2026-09-29 15:17
1469,ＪＰＸ日経４００ベア２倍上場投信（ダブルインバース）,ETF,187.0,376,0.0,0.0,1,配当利回り,0,2026-09-29 15:17
1472,ＮＥＸＴ　ＦＵＮＤＳ　ＪＰＸ日経４００ダブルインバース・インデックス連動型上場投信,ETF,77.0,155,0.0,0.0,1,配当利回り,0,2026-09-29 15:17
1473,Ｏｎｅ　ＥＴＦ　トピックス,ETF,4139.0,4220,1.77,0.0,2,配当利回り／1株配当の推移,0,2026-09-29 15:17
1474,Ｏｎｅ　ＥＴＦ　ＪＰＸ日経４００,ETF,36790.0,37820,1.68,0.0,2,配当利回り／1株配当の推移,0,2026-09-29 15:17
1475,ｉシェアーズ・コア　ＴＯＰＩＸ　ＥＴＦ,ETF,417.3,426,1.87,2.5,1,配当利回り,0,2026-09-29 15:17
1476,ｉシェアーズ・コア　Ｊリート　ＥＴＦ,J-REIT市場,1777.0,2089,5.07,7.5,0,,0,2026-09-29 15:17
1477,ｉシェアーズ　ＭＳＣＩ　日本株最小分散　ＥＴＦ,ETF,3323.0,3413,2.29,0.0,2,配当利回り／1株配当の推移,0,2026-09-29 15:17
1478,ｉシェアーズ　ＭＳＣＩ　ジャパン高配当利回り　ＥＴＦ,ETF,5306.0,5407,2.76,0.0,2,配当利回り／1株配当の推移,0,2026-09-29 15:17
1479,ｉＦｒｅｅＥＴＦ　ＭＳＣＩ日本株人材設備投資指数,ETF,52400.0,54190,1.6,2.5,1,配当利回り,0,2026-09-29 15:17
1480,ＮＥＸＴ　ＦＵＮＤＳ　野村企業価値分配指数連動型上場投信,ETF,40850.0,40850,1.56,2.5,1,配当利回り,0,2026-09-29 15:17
1481,上場インデックスファンド日本経済貢献株,ETF,3871.0,3964,2.05,0.0,2,配当利回り／1株配当の推移,0,2026-09-29 15:17
1482,ｉシェアーズ・コア　米国債７－１０年　ＥＴＦ（為替ヘッジあり）,ETF,1482.0,1660,4.59,5.0,1,1株配当の推移,0,2026-09-29 15:17
1483,ｉシェアーズ　ＪＰＸ／Ｓ＆Ｐ設備・人材投資　ＥＴＦ,ETF,3870.0,3944,1.94,2.5,1,配当利回り,0,2026-09-29 15:17
1484,Ｏｎｅ　ＥＴＦ　ＪＰＸ／Ｓ＆Ｐ　設備・人材投資指数,ETF,3823.0,3951,1.99,0.0,2,配当利回り／1株配当の推移,0,2026-09-29 15:17
1485,ＭＡＸＩＳ　ＪＡＰＡＮ　設備・人材積極投資企業２００上場投信,ETF,54400.0,54600,1.48,0.0,2,配当利回り／1株配当の推移,0,2026-09-29 15:17
1486,上場インデックスファンド米国債券（為替ヘッジなし）,ETF,22590.0,25215,5.74,10.0,0,,0,2026-09-29 15:17
1487,上場インデックスファンド米国債券（為替ヘッジあり）,ETF,11325.0,12845,4.91,5.0,1,1株配当の推移,0,2026-09-29 15:17
1488,ｉＦｒｅｅＥＴＦ　東証ＲＥＩＴ指数,J-REIT市場,1765.0,2104,4.99,5.0,1,1株配当の推移,0,2026-09-29 15:17
1489,ＮＥＸＴ　ＦＵＮＤＳ　日経平均高配当株５０指数連動型上場投信,ETF,3510.0,3585,2.67,0.0,2,配当利回り／1株配当の推移,0,2026-09-29 15:17
1490,上場インデックスファンドＭＳＣＩ日本株高配当低ボラティリティ（βヘッジ）,ETF,7990.0,8800,2.08,0.0,2,配当利回り／1株配当の推移,0,2026-09-29 15:17
1491,中外鉱業,非鉄金属,710.0,1181,4.8,7.5,2,営業利益率／営業キャッシュフロー,0,2026-09-29 15:17
1493,Ｏｎｅ　ＥＴＦ　ＪＰＸ日経中小型,ETF,25615.0,26380,1.71,0.0,2,配当利回り／1株配当の推移,0,2026-09-29 15:17
1494,Ｏｎｅ　ＥＴＦ　高配当日本株,ETF,43480.0,45800,2.88,5.0,1,配当利回り,0,2026-09-29 15:17
1495,上場インデックスファンドアジアリート,J-REIT市場,10805.0,12040,5.76,5.0,1,1株配当の推移,0,2026-09-29 15:17
1496,ｉシェアーズ　米ドル建て投資適格社債　ＥＴＦ（為替ヘッジあり）,ETF,1575.0,1775,4.82,5.0,1,1株配当の推移,0,2026-09-29 15:17
1497,ｉシェアーズ　米ドル建てハイイールド社債　ＥＴＦ（為替ヘッジあり）,ETF,1693.0,1838,6.14,5.0,1,1株配当の推移,0,2026-09-29 15:17
1498,Ｏｎｅ　ＥＴＦ　ＥＳＧ,ETF,32210.0,33040,1.74,0.0,2,配当利回り／1株配当の推移,0,2026-09-29 15:17
1499,ＭＡＸＩＳ日本株高配当７０マーケットニュートラル上場投信,ETF,9388.0,9699,2.89,0.0,2,配当利回り／1株配当の推移,0,2026-09-29 15:17
1540,純金上場信託（現物国内保管型）,ETF,19580.0,24695,0.0,0.0,1,配当利回り,0,2026-09-29 15:17
1541,純プラチナ上場信託（現物国内保管型）,ETF,7771.0,13500,0.0,0.0,1,配当利回り,0,2026-09-29 15:17
1542,純銀上場信託（現物国内保管型）,ETF,27920.0,56800,0.0,0.0,1,配当利回り,0,2026-09-29 15:17
1543,純パラジウム上場信託（現物国内保管型）,ETF,54950.0,86230,0.0,0.0,1,配当利回り,0,2026-09-29 15:17
1545,ＮＥＸＴ　ＦＵＮＤＳ　ＮＡＳＤＡＱ－１００（為替ヘッジなし）連動型上場投信,ETF,239.4,43970,0.25,0.0,2,配当利回り／1株配当の推移,0,2026-09-29 15:17
1546,ＮＥＸＴ　ＦＵＮＤＳ　ダウ・ジョーンズ工業株３０種平均株価（為替ヘッジなし）連動型上場投信,ETF,78670.0,83240,0.97,0.0,2,配当利回り／1株配当の推移,0,2026-09-29 15:17
1547,上場インデックスファンド米国株式（Ｓ＆Ｐ５００）,ETF,13120.0,13380,0.83,0.0,2,配当利回り／1株配当の推移,0,2026-09-29 15:17
1550,ＭＡＸＩＳ　海外株式（ＭＳＣＩコクサイ）上場投信,ETF,8015.0,8226,1.06,0.0,2,配当利回り／1株配当の推移,0,2026-09-29 15:17
1551,東証スタンダードＴＯＰ２０ＥＴＦ,ETF,7151.0,7183,1.25,0.0,2,配当利回り／1株配当の推移,0,2026-09-29 15:17
1554,上場インデックスファンド世界株式（ＭＳＣＩ　ＡＣＷＩ）除く日本,ETF,6730.0,6921,1.03,0.0,2,配当利回り／1株配当の推移,0,2026-09-29 15:17
1555,上場インデックスファンド豪州リート（Ｓ＆Ｐ／ＡＳＸ２００　Ａ－ＲＥＩＴ）,J-REIT市場,2190.0,2555,2.32,2.5,1,配当利回り,0,2026-09-29 15:17
1557,Ｓｔａｔｅ　Ｓｔｒｅｅｔ　ＳＰＤＲ　Ｓ＆Ｐ　５００　ＥＴＦ,ETF,120300.0,122850,1.0,5.0,1,配当利回り,0,2026-09-29 15:17
1559,ＮＥＸＴ　ＦＵＮＤＳ　タイ株式ＳＥＴ５０指数連動型上場投信,ETF,4710.0,4920,3.35,0.0,2,配当利回り／1株配当の推移,0,2026-09-29 15:17
1560,ＮＥＸＴ　ＦＵＮＤＳ　ＦＴＳＥブルサ・マレーシアＫＬＣＩ連動型上場投信,ETF,6302.0,7189,3.36,0.0,2,配当利回り／1株配当の推移,0,2026-09-29 15:17
1563,東証グロース・コアＥＴＦ,ETF,2398.0,2660,1.54,0.0,2,配当利回り／1株配当の推移,0,2026-09-29 15:17
1566,上場インデックスファンド新興国債券,ETF,51770.0,55270,5.48,5.0,1,1株配当の推移,0,2026-09-29 15:17
1568,ＴＯＰＩＸブル２倍上場投信,ETF,982.1,1029,0.0,0.0,1,配当利回り,0,2026-09-29 15:17
1569,ＴＯＰＩＸベア上場投信,ETF,741.0,1014,0.0,0.0,1,配当利回り,0,2026-09-29 15:17
1570,ＮＥＸＴ　ＦＵＮＤＳ　日経平均レバレッジ・インデックス連動型上場投信,ETF,67370.0,79510,0.0,0.0,1,配当利回り,0,2026-09-29 15:17
1571,ＮＥＸＴ　ＦＵＮＤＳ　日経平均インバース・インデックス連動型上場投信,ETF,299.0,475,0.0,0.0,1,配当利回り,0,2026-09-29 15:17
1572,中国Ｈ株ブル２倍上場投信,ETF,6547.0,8501,0.0,0.0,1,配当利回り,0,2026-09-29 15:17
1573,中国Ｈ株ベア上場投信,ETF,8507.0,9489,0.0,0.0,1,配当利回り,0,2026-09-29 15:17
1577,ＮＥＸＴ　ＦＵＮＤＳ　野村日本株高配当７０連動型上場投信,ETF,59740.0,60900,2.55,0.0,2,配当利回り／1株配当の推移,0,2026-09-29 15:17
1578,上場インデックスファンド日経２２５（ミニ）,ETF,5218.0,5624,1.14,0.0,2,配当利回り／1株配当の推移,0,2026-09-29 15:17
1579,日経平均ブル２倍上場投信,ETF,728.8,859,0.0,0.0,1,配当利回り,0,2026-09-29 15:17
1580,日経平均ベア上場投信,ETF,792.5,1258,0.0,0.0,1,配当利回り,0,2026-09-29 15:17
1585,ｉＦｒｅｅＥＴＦ　ＴＯＰＩＸ　Ｅｘ－Ｆｉｎａｎｃｉａｌｓ,ETF,2682.0,2682,1.31,0.0,2,配当利回り／1株配当の推移,0,2026-09-29 15:17
1586,上場インデックスファンドＴＯＰＩＸ　Ｅｘ－Ｆｉｎａｎｃｉａｌｓ,ETF,3060.0,3191,1.89,0.0,2,配当利回り／1株配当の推移,0,2026-09-29 15:17
1591,ＮＥＸＴ　ＦＵＮＤＳ　ＪＰＸ日経インデックス４００連動型上場投信,ETF,36550.0,37370,1.75,0.0,2,配当利回り／1株配当の推移,0,2026-09-29 15:17
1592,上場インデックスファンドＪＰＸ日経インデックス４００,ETF,3346.0,3438,1.75,0.0,2,配当利回り／1株配当の推移,0,2026-09-29 15:17
1593,ＭＡＸＩＳ　ＪＰＸ日経インデックス４００上場投信,ETF,37420.0,38440,1.79,5.0,1,配当利回り,0,2026-09-29 15:17
1595,ＮＺＡＭ　上場投信　東証ＲＥＩＴ指数,J-REIT市場,1762.0,2072,5.03,7.5,0,,0,2026-09-29 15:17
1596,ＮＺＡＭ　上場投信　ＴＯＰＩＸ　Ｅｘ－Ｆｉｎａｎｃｉａｌｓ,ETF,3110.0,3110,1.34,0.0,2,配当利回り／1株配当の推移,0,2026-09-29 15:17
1597,ＭＡＸＩＳ　Ｊリート上場投信,J-REIT市場,1754.0,2091,5.08,7.5,0,,0,2026-09-29 15:17
1599,ｉＦｒｅｅＥＴＦ　ＪＰＸ日経４００,ETF,37130.0,38260,1.68,5.0,1,配当利回り,0,2026-09-29 15:17
1615,ＮＥＸＴ　ＦＵＮＤＳ　東証銀行業株価指数連動型上場投信,ETF,772.3,781,2.71,0.0,2,配当利回り／1株配当の推移,0,2026-09-29 15:17
1617,ＮＥＸＴ　ＦＵＮＤＳ　食品（ＴＯＰＩＸ－１７）上場投信,ETF,47000.0,49200,2.2,0.0,2,配当利回り／1株配当の推移,0,2026-09-29 15:17
1618,ＮＥＸＴ　ＦＵＮＤＳ　エネルギー資源（ＴＯＰＩＸ－１７）上場投信,ETF,35640.0,40440,2.08,0.0,2,配当利回り／1株配当の推移,0,2026-09-29 15:17
1619,ＮＥＸＴ　ＦＵＮＤＳ　建設・資材（ＴＯＰＩＸ－１７）上場投信,ETF,44010.0,53140,1.84,0.0,2,配当利回り／1株配当の推移,0,2026-09-29 15:17
1620,ＮＥＸＴ　ＦＵＮＤＳ　素材・化学（ＴＯＰＩＸ－１７）上場投信,ETF,36200.0,39300,1.54,0.0,2,配当利回り／1株配当の推移,0,2026-09-29 15:17
1621,ＮＥＸＴ　ＦＵＮＤＳ　医薬品（ＴＯＰＩＸ－１７）上場投信,ETF,29795.0,34080,2.35,0.0,2,配当利回り／1株配当の推移,0,2026-09-29 15:17
1622,ＮＥＸＴ　ＦＵＮＤＳ　自動車・輸送機（ＴＯＰＩＸ－１７）上場投信,ETF,33650.0,40190,1.69,0.0,2,配当利回り／1株配当の推移,0,2026-09-29 15:17
1623,ＮＥＸＴ　ＦＵＮＤＳ　鉄鋼・非鉄（ＴＯＰＩＸ－１７）上場投信,ETF,61650.0,72020,0.9,0.0,2,配当利回り／1株配当の推移,0,2026-09-29 15:17
1624,ＮＥＸＴ　ＦＵＮＤＳ　機械（ＴＯＰＩＸ－１７）上場投信,ETF,82790.0,96940,0.91,0.0,2,配当利回り／1株配当の推移,0,2026-09-29 15:17
1625,ＮＥＸＴ　ＦＵＮＤＳ　電機・精密（ＴＯＰＩＸ－１７）上場投信,ETF,64550.0,70550,0.45,0.0,2,配当利回り／1株配当の推移,0,2026-09-29 15:17
1626,ＮＥＸＴ　ＦＵＮＤＳ　情報通信・サービスその他（ＴＯＰＩＸ－１７）上場投信,ETF,48280.0,49260,1.07,0.0,2,配当利回り／1株配当の推移,0,2026-09-29 15:17
1627,ＮＥＸＴ　ＦＵＮＤＳ　電力・ガス（ＴＯＰＩＸ－１７）上場投信,ETF,12095.0,13215,1.38,0.0,2,配当利回り／1株配当の推移,0,2026-09-29 15:17
1628,ＮＥＸＴ　ＦＵＮＤＳ　運輸・物流（ＴＯＰＩＸ－１７）上場投信,ETF,21700.0,22505,3.01,0.0,2,配当利回り／1株配当の推移,0,2026-09-29 15:17
1629,ＮＥＸＴ　ＦＵＮＤＳ　商社・卸売（ＴＯＰＩＸ－１７）上場投信,ETF,268.6,294,0.89,0.0,2,配当利回り／1株配当の推移,0,2026-09-29 15:17
1630,ＮＥＸＴ　ＦＵＮＤＳ　小売（ＴＯＰＩＸ－１７）上場投信,ETF,35720.0,39640,1.53,0.0,2,配当利回り／1株配当の推移,0,2026-09-29 15:17
1631,ＮＥＸＴ　ＦＵＮＤＳ　銀行（ＴＯＰＩＸ－１７）上場投信,ETF,41710.0,42100,1.84,0.0,2,配当利回り／1株配当の推移,0,2026-09-29 15:17
1632,ＮＥＸＴ　ＦＵＮＤＳ　金融（除く銀行）（ＴＯＰＩＸ－１７）上場投信,ETF,42820.0,43510,2.59,0.0,2,配当利回り／1株配当の推移,0,2026-09-29 15:17
1633,ＮＥＸＴ　ＦＵＮＤＳ　不動産（ＴＯＰＩＸ－１７）上場投信,ETF,47470.0,65500,1.6,0.0,2,配当利回り／1株配当の推移,0,2026-09-29 15:17
1651,ｉＦｒｅｅＥＴＦ　ＴＯＰＩＸ高配当４０指数,ETF,3259.0,3325,2.34,2.5,1,配当利回り,0,2026-09-29 15:17
1652,ｉＦｒｅｅＥＴＦ　ＭＳＣＩ日本株女性活躍指数（ＷＩＮ）,ETF,5080.0,5077,1.83,0.0,2,配当利回り／1株配当の推移,0,2026-09-29 15:17
1653,ｉＦｒｅｅＥＴＦ　ＭＳＣＩジャパンＥＳＧセレクト・リーダーズ指数,ETF,5207.0,5222,1.61,0.0,2,配当利回り／1株配当の推移,0,2026-09-29 15:17
1654,ｉＦｒｅｅＥＴＦ　ＦＴＳＥ　ＪＰＸ　Ｂｌｏｓｓｏｍ　Ｊａｐａｎ　Ｉｎｄｅｘ,ETF,3340.0,3340,2.13,0.0,2,配当利回り／1株配当の推移,0,2026-09-29 15:17
1655,ｉシェアーズ　Ｓ＆Ｐ　５００　米国株　ＥＴＦ,ETF,869.2,886,0.85,0.0,2,配当利回り／1株配当の推移,0,2026-09-29 15:17
1656,ｉシェアーズ・コア　米国債７－１０年　ＥＴＦ,ETF,296.1,324,3.96,7.5,0,,0,2026-09-29 15:17
1657,ｉシェアーズ・コア　ＭＳＣＩ　先進国株（除く日本）ＥＴＦ,ETF,7180.0,7380,1.07,2.5,1,配当利回り,0,2026-09-29 15:17
1658,ｉシェアーズ・コア　ＭＳＣＩ　新興国株　ＥＴＦ,ETF,4301.0,4525,1.74,0.0,2,配当利回り／1株配当の推移,0,2026-09-29 15:17
1659,ｉシェアーズ　米国リート　ＥＴＦ,J-REIT市場,3649.0,4083,2.22,0.0,2,配当利回り／1株配当の推移,0,2026-09-29 15:17
1660,ＭＡＸＩＳ高利回りＪリート上場投信,J-REIT市場,10125.0,11980,4.84,10.0,0,,0,2026-09-29 15:17
1671,ＷＴＩ原油価格連動型上場投信,ETF,6092.0,6050,0.0,0.0,1,配当利回り,0,2026-09-29 15:17
1672,ＷｉｓｄｏｍＴｒｅｅ　金上場投資信託,ETF,60320.0,,,,0,,0,2026-09-29 15:17
1673,ＷｉｓｄｏｍＴｒｅｅ　銀上場投資信託,ETF,8698.0,15375,,,0,,0,2026-09-29 15:17
1674,ＷｉｓｄｏｍＴｒｅｅ　白金上場投資信託,ETF,24350.0,35450,,,0,,0,2026-09-29 15:17
1675,ＷｉｓｄｏｍＴｒｅｅ　パラジウム上場投資信託,ETF,17300.0,26835,,,0,,0,2026-09-29 15:17
1676,ＷｉｓｄｏｍＴｒｅｅ　貴金属バスケット上場投資信託,ETF,40450.0,57060,,,0,,0,2026-09-29 15:17
1677,上場インデックスファンド海外債券（ＦＴＳＥ　ＷＧＢＩ）毎月分配型,ETF,57720.0,61630,2.88,0.0,2,配当利回り／1株配当の推移,0,2026-09-29 15:17
1678,ＮＥＸＴ　ＦＵＮＤＳ　インド株式指数・Ｎｉｆｔｙ　５０　連動型上場投信,ETF,288.2,363,3.26,0.0,1,配当利回り,0,2026-09-29 15:17
1679,Ｓｉｍｐｌｅ－Ｘ　ＮＹ　ダウ・ジョーンズ・インデックス上場投信,ETF,65100.0,68160,1.47,0.0,2,配当利回り／1株配当の推移,0,2026-09-29 15:17
1680,上場インデックスファンド海外先進国株式（ＭＳＣＩ－ＫＯＫＵＳＡＩ）,ETF,8250.0,8488,1.0,0.0,2,配当利回り／1株配当の推移,0,2026-09-29 15:17
1681,上場インデックスファンド海外新興国株式（ＭＳＣＩ　エマージング）,ETF,3354.0,3488,1.58,5.0,1,配当利回り,0,2026-09-29 15:17
1684,ＷｉｓｄｏｍＴｒｅｅ　ブロード上場投資信託,ETF,2715.0,2850,,,0,,0,2026-09-29 15:17
1685,ＷｉｓｄｏｍＴｒｅｅ　エネルギー上場投資信託,ETF,949.0,,,,0,,0,2026-09-29 15:17
1686,ＷｉｓｄｏｍＴｒｅｅ　産業用金属上場投資信託,ETF,3100.0,3195,,,0,,0,2026-09-29 15:17
1687,ＷｉｓｄｏｍＴｒｅｅ　農産物上場投資信託,ETF,1083.0,,,,0,,0,2026-09-29 15:17
1688,ＷｉｓｄｏｍＴｒｅｅ　穀物上場投資信託,ETF,610.0,,,,0,,0,2026-09-29 15:17
1689,ＷｉｓｄｏｍＴｒｅｅ　天然ガス上場投資信託,ETF,754.0,1126,,,0,,0,2026-09-29 15:17
1690,ＷｉｓｄｏｍＴｒｅｅ　ＷＴＩ　原油上場投資信託,ETF,2700.0,2660,,,0,,0,2026-09-29 15:17
1691,ＷｉｓｄｏｍＴｒｅｅ　ガソリン上場投資信託,ETF,16370.0,16895,,,0,,0,2026-09-29 15:17
1692,ＷｉｓｄｏｍＴｒｅｅ　アルミニウム上場投資信託,ETF,681.0,776,,,0,,0,2026-09-29 15:17
1693,ＷｉｓｄｏｍＴｒｅｅ　銅上場投資信託,ETF,8851.0,9072,,,0,,0,2026-09-29 15:17
1694,ＷｉｓｄｏｍＴｒｅｅ　ニッケル上場投資信託,ETF,2180.5,2706,,,0,,0,2026-09-29 15:17
1695,ＷｉｓｄｏｍＴｒｅｅ　小麦上場投資信託,ETF,3405.0,3909,,,0,,0,2026-09-29 15:17
1696,ＷｉｓｄｏｍＴｒｅｅ　とうもろこし上場投資信託,ETF,3180.0,,,,0,,0,2026-09-29 15:17
1697,ＷｉｓｄｏｍＴｒｅｅ　大豆上場投資信託,ETF,4836.0,,,,0,,0,2026-09-29 15:17
1698,上場インデックスファンド日本高配当（東証配当フォーカス１００）,ETF,4322.0,4447,2.81,0.0,2,配当利回り／1株配当の推移,0,2026-09-29 15:17
1699,ＮＥＸＴ　ＦＵＮＤＳ　ＮＯＭＵＲＡ　原油インデックス連動型上場投信,ETF,705.3,698,0.0,0.0,1,配当利回り,0,2026-09-29 15:17
1716,第一カッター興業,建設業,1360.0,1621,3.32,6.0,2,配当利回り／1株配当の推移,0,2026-09-29 15:17
1717,明豊ファシリティワークス,サービス業,930.0,1132,4.73,7.5,1,営業キャッシュフロー,0,2026-09-29 15:17
1719,安藤・間,建設業,1812.5,2141,4.64,7.5,1,営業キャッシュフロー,0,2026-09-29 15:17
1720,東急建設,建設業,1176.0,1598,3.74,4.0,5,営業利益率／自己資本比率／流動比率／1株配当の推移／営業キャッシュフロー,0,2026-09-29 15:17
1724,シンクレイヤ,建設業,732.0,744,4.1,5.0,5,営業利益率／EPSの推移／1株配当の推移／営業キャッシュフロー／現金等,0,2026-09-29 15:17
1736,オーテック,建設業,2485.0,2539,3.94,9.5,0,,0,2026-09-29 15:17
1762,高松コンストラクショングループ,建設業,4035.0,4235,3.57,5.0,3,営業利益率／1株配当の推移／営業キャッシュフロー,0,2026-09-29 15:17
1764,工藤建設,建設業,2667.0,3365,4.77,5.0,5,営業利益率／自己資本比率／流動比率／1株配当の推移／営業キャッシュフロー,0,2026-09-29 15:17
1766,東建コーポレーション,建設業,12880.0,15030,3.09,7.0,2,配当利回り／営業利益率,0,2026-09-29 15:17
1768,ソネック,建設業,1021.0,1684,4.89,6.5,2,営業キャッシュフロー／現金等,0,2026-09-29 15:17
1786,オリエンタル白石,建設業,340.0,435,4.27,6.0,3,EPSの推移／1株配当の推移／営業キャッシュフロー,0,2026-09-29 15:17
1787,ナカボーテック,建設業,5620.0,6380,4.62,7.5,1,1株配当の推移,0,2026-09-29 15:17
1788,三東工業社,建設業,4120.0,5640,3.88,6.0,3,営業利益率／1株配当の推移／営業キャッシュフロー,0,2026-09-29 15:17
1793,大本組,建設業,2117.0,2127,3.5,5.0,4,営業利益率／売上高の推移／営業キャッシュフロー／現金等,0,2026-09-29 15:17
1798,守谷商会,建設業,1110.0,1426,3.42,5.5,2,配当利回り／営業キャッシュフロー,0,2026-09-29 15:17
1799,第一建設工業,建設業,3300.0,4510,4.85,8.5,1,営業キャッシュフロー,0,2026-09-29 15:17
1801,大成建設,建設業,11910.0,20340,3.19,5.0,4,配当利回り／自己資本比率／流動比率／営業キャッシュフロー,0,2026-09-29 15:17
1802,大林組,建設業,2944.0,4416,3.19,6.0,3,配当利回り／流動比率／1株配当の推移,0,2026-09-29 15:17
1803,清水建設,建設業,2096.5,3493,3.66,3.5,6,営業利益率／自己資本比率／流動比率／1株配当の推移／営業キャッシュフロー／現金等,0,2026-09-29 15:17
1807,佐藤渡辺,建設業,1950.0,2139,4.1,6.0,3,営業利益率／1株配当の推移／営業キャッシュフロー,0,2026-09-29 15:17
1808,長谷工コーポレーション,建設業,2593.5,3414,3.85,6.0,3,自己資本比率／1株配当の推移／営業キャッシュフロー,0,2026-09-29 15:17
1810,松井建設,建設業,1408.0,1955,4.97,6.5,2,営業利益率／営業キャッシュフロー,0,2026-09-29 15:17
1814,大末建設,建設業,3525.0,4460,5.27,6.0,2,営業利益率／営業キャッシュフロー,0,2026-09-29 15:17
1820,西松建設,建設業,5360.0,6871,4.67,5.5,3,自己資本比率／流動比率／1株配当の推移,0,2026-09-29 15:17
1822,大豊建設,建設業,820.0,895,4.64,3.5,4,営業利益率／EPSの推移／1株配当の推移／営業キャッシュフロー,0,2026-09-29 15:17
1826,佐田建設,建設業,1071.0,1282,5.59,4.5,3,営業利益率／1株配当の推移／営業キャッシュフロー,0,2026-09-29 15:17
1828,田辺工業,建設業,2378.0,2924,4.2,8.0,1,営業キャッシュフロー,0,2026-09-29 15:17
1833,奥村組,建設業,5450.0,7310,5.51,4.0,5,営業利益率／流動比率／1株配当の推移／営業キャッシュフロー／現金等,0,2026-09-29 15:17
1835,東鉄工業,建設業,3810.0,5820,3.99,8.5,1,営業キャッシュフロー,0,2026-09-29 15:17
1840,土屋ホールディングス,建設業,253.0,256,3.95,4.0,4,営業利益率／EPSの推移／1株配当の推移／営業キャッシュフロー,0,2026-09-29 15:17
1847,イチケン,建設業,3380.0,,4.58,7.8,1,営業キャッシュフロー,0,2026-09-29 15:17
1852,淺沼組,建設業,876.0,1152,6.4,5.5,3,営業利益率／1株配当の推移／営業キャッシュフロー,0,2026-09-29 15:17
1853,森組,建設業,327.0,350,4.28,6.5,3,営業利益率／1株配当の推移／営業キャッシュフロー,0,2026-09-29 15:17
1860,戸田建設,建設業,1432.5,1630,4.19,4.5,5,営業利益率／自己資本比率／流動比率／営業キャッシュフロー／現金等,0,2026-09-29 15:17
1861,熊谷組,建設業,1253.0,2020,3.99,7.0,2,営業利益率／営業キャッシュフロー,0,2026-09-29 15:17
1867,植木組,建設業,2711.0,3245,4.06,6.5,3,営業利益率／営業キャッシュフロー／現金等,0,2026-09-29 15:17
1870,矢作建設工業,建設業,2084.0,2530,5.27,7.0,1,営業キャッシュフロー,0,2026-09-29 15:17
1871,ピーエス・コンストラクション,建設業,2128.0,3425,4.76,6.0,1,営業キャッシュフロー,0,2026-09-29 15:17
1873,日本ハウスホールディングス,建設業,311.0,329,3.86,4.5,4,流動比率／売上高の推移／EPSの推移／1株配当の推移,0,2026-09-29 15:17
1878,大東建託,不動産業,3146.0,3678,5.18,6.0,3,営業利益率／自己資本比率／1株配当の推移,0,2026-09-29 15:17
1879,新日本建設,建設業,2224.0,2349,3.51,8.0,1,1株配当の推移,0,2026-09-29 15:17
1882,東亜道路工業,建設業,1554.0,1952,5.8,6.0,3,営業利益率／配当性向／営業キャッシュフロー,0,2026-09-29 15:17
1885,東亜建設工業,建設業,2079.0,4230,3.71,5.0,4,営業利益率／自己資本比率／流動比率／営業キャッシュフロー,0,2026-09-29 15:17
1887,日本国土開発,建設業,533.0,699,5.62,3.5,5,営業利益率／売上高の推移／EPSの推移／1株配当の推移／営業キャッシュフロー,0,2026-09-29 15:17
1888,若築建設,建設業,3695.0,5190,3.91,4.5,4,営業利益率／EPSの推移／営業キャッシュフロー／現金等,0,2026-09-29 15:17
1893,五洋建設,建設業,1452.0,2134,3.59,4.5,5,営業利益率／自己資本比率／流動比率／1株配当の推移／営業キャッシュフロー,0,2026-09-29 15:17
1898,世紀東急工業,建設業,1434.0,1724,5.3,6.0,3,営業利益率／1株配当の推移／営業キャッシュフロー,0,2026-09-29 15:17
1905,テノックス,建設業,1460.0,1510,4.24,7.0,2,営業利益率／1株配当の推移,0,2026-09-29 15:17
1911,住友林業,建設業,1184.5,1762,4.22,8.0,1,自己資本比率,0,2026-09-29 15:17
1914,日本基礎技術,建設業,810.0,807,3.71,7.0,1,営業利益率,0,2026-09-29 15:17
1928,積水ハウス,建設業,3324.0,3826,4.39,8.5,0,,1,2026-09-29 15:17
1929,日特建設,建設業,1196.0,1463,4.18,7.0,2,営業利益率／1株配当の推移,0,2026-09-29 15:17
1938,日本リーテック,建設業,2543.0,3215,3.82,9.5,0,,0,2026-09-29 15:17
1939,四電工,建設業,2267.0,2348,3.71,7.5,1,営業キャッシュフロー,0,2026-09-29 15:17
1945,東京エネシス,建設業,2086.0,2450,3.74,7.0,2,営業利益率／営業キャッシュフロー,0,2026-09-29 15:17
1946,トーエネック,建設業,2145.0,2444,3.53,6.0,2,EPSの推移／1株配当の推移,0,2026-09-29 15:17
1950,日本電設工業,建設業,3935.0,5300,3.23,7.5,2,配当利回り／営業キャッシュフロー,0,2026-09-29 15:17
1951,エクシオグループ,建設業,2525.0,2993,3.16,6.5,2,配当利回り／営業利益率,0,2026-09-29 15:17
1952,新日本空調,建設業,3130.0,4185,3.84,8.0,1,営業キャッシュフロー,0,2026-09-29 15:17
1960,サンテック,建設業,1653.0,1665,3.32,4.5,5,配当利回り／営業利益率／EPSの推移／1株配当の推移／営業キャッシュフロー,0,2026-09-29 15:17
1964,中外炉工業,建設業,3855.0,5170,4.65,7.0,2,1株配当の推移／営業キャッシュフロー,0,2026-09-29 15:17
1966,高田工業所,建設業,1734.0,1917,4.04,5.0,4,営業利益率／売上高の推移／1株配当の推移／営業キャッシュフロー,0,2026-09-29 15:17
1967,ヤマト,建設業,2134.0,2523,3.62,8.0,1,営業キャッシュフロー,0,2026-09-29 15:17
1975,朝日工業社,建設業,3795.0,4780,3.79,7.5,2,1株配当の推移／営業キャッシュフロー,0,2026-09-29 15:17
1976,明星工業,建設業,1707.0,2038,4.69,9.0,0,,0,2026-09-29 15:17
1979,大氣社,建設業,3700.0,4965,3.73,7.5,1,営業キャッシュフロー,0,2026-09-29 15:17
1982,日比谷総合設備,建設業,3155.0,3280,3.18,8.0,2,配当利回り／営業キャッシュフロー,0,2026-09-29 15:17
2002,日清製粉グループ本社,食料品,1965.0,2184,3.31,6.5,3,配当利回り／営業利益率／EPSの推移,0,2026-09-29 15:17
2003,日東富士製粉,食料品,1870.0,1912,3.74,6.5,2,営業利益率／EPSの推移,1,2026-09-29 15:17
2004,昭和産業,食料品,3770.0,3965,3.71,5.0,4,営業利益率／流動比率／1株配当の推移／営業キャッシュフロー,0,2026-09-29 15:17
2011,ＳＭＤＡＭ　Ａｃｔｉｖｅ　ＥＴＦ　日本高配当株式,ETF,850.6,869,2.54,0.0,1,配当利回り,0,2026-09-29 15:17
2012,ｉシェアーズ　米国債０－３ヶ月　ＥＴＦ,ETF,240.0,245,0.0,0.0,1,配当利回り,0,2026-09-29 15:17
2013,ｉシェアーズ　米国高配当株　ＥＴＦ,ETF,300.3,316,2.8,0.0,1,配当利回り,0,2026-09-29 15:17
2014,ｉシェアーズ　米国連続増配株　ＥＴＦ,ETF,307.4,323,1.59,0.0,1,配当利回り,0,2026-09-29 15:17
2015,ｉＦｒｅｅＥＴＦ　米国国債７－１０年（為替ヘッジなし）,ETF,2032.0,2228,3.84,10.0,0,,0,2026-09-29 15:17
2016,ｉＦｒｅｅＥＴＦ　米国国債７－１０年（為替ヘッジあり）,ETF,1685.0,1883,4.21,10.0,0,,0,2026-09-29 15:17
2017,ｉＦｒｅｅＥＴＦ　ＪＰＸプライム１５０,ETF,1514.0,1543,1.45,0.0,1,配当利回り,0,2026-09-29 15:17
2018,グローバルＸ　ＵＳ　ＲＥＩＴ・トップ２０　ＥＴＦ,J-REIT市場,1205.0,1331,2.57,0.0,1,配当利回り,0,2026-09-29 15:17
2019,グローバルＸ　米国優先証券　ＥＴＦ（隔月分配型）,ETF,956.0,1051,5.85,10.0,0,,0,2026-09-29 15:17
2031,ＮＥＸＴ　ＮＯＴＥＳ　香港ハンセン・ダブル・ブル　ＥＴＮ,ETF,7227.0,12010,,,0,,0,2026-09-29 15:17
2032,ＮＥＸＴ　ＮＯＴＥＳ　香港ハンセン・ベア　ＥＴＮ,ETF,6198.0,8299,,,0,,0,2026-09-29 15:17
2033,ＮＥＸＴ　ＮＯＴＥＳ　韓国ＫＯＳＰＩ・ダブル・ブル　ＥＴＮ,ETF,77310.0,79270,,,0,,0,2026-09-29 15:17
2034,ＮＥＸＴ　ＮＯＴＥＳ　韓国ＫＯＳＰＩ・ベア　ＥＴＮ,ETF,1914.0,5424,,,0,,0,2026-09-29 15:17
2036,ＮＥＸＴ　ＮＯＴＥＳ　金先物　ダブル・ブル　ＥＴＮ,ETF,141600.0,151800,,,0,,0,2026-09-29 15:17
2037,ＮＥＸＴ　ＮＯＴＥＳ　金先物　ベア　ＥＴＮ,ETF,1340.0,5630,,,0,,0,2026-09-29 15:17
2038,ＮＥＸＴ　ＮＯＴＥＳ　ドバイ原油先物　ダブル・ブル　ＥＴＮ,ETF,2982.0,3044,,,0,,0,2026-09-29 15:17
2039,ＮＥＸＴ　ＮＯＴＥＳ　ドバイ原油先物　ベア　ＥＴＮ,ETF,454.0,906,,,0,,0,2026-09-29 15:17
2040,ＮＥＸＴ　ＮＯＴＥＳ　ＮＹダウ・ダブル・ブル・ドルヘッジ　ＥＴＮ,ETF,36770.0,36830,,,0,,0,2026-09-29 15:17
2041,ＮＥＸＴ　ＮＯＴＥＳ　ＮＹダウ・ベア・ドルヘッジ　ＥＴＮ,ETF,2012.0,3045,,,0,,0,2026-09-29 15:17
2042,ＮＥＸＴ　ＮＯＴＥＳ　東証グロース市場２５０　ＥＴＮ,ETF,8087.0,8600,,,0,,0,2026-09-29 15:17
2043,ＮＥＸＴ　ＮＯＴＥＳ　ＳＴＯＸＸ　アセアン好配当５０（円、ネットリターン）ＥＴＮ,ETF,30000.0,30350,,,0,,0,2026-09-29 15:17
2044,ＮＥＸＴ　ＮＯＴＥＳ　Ｓ＆Ｐ５００　配当貴族（ネットリターン）　ＥＴＮ,ETF,33080.0,35790,,,0,,0,2026-09-29 15:17
2045,ＮＥＸＴ　ＮＯＴＥＳ　Ｓ＆Ｐ　シンガポール　リート（ネットリターン）　ＥＴＮ,J-REIT市場,19075.0,20725,,,0,,0,2026-09-29 15:17
2046,ＮＥＸＴ　ＮＯＴＥＳ　インドＮｉｆｔｙ・ダブル・ブル　ＥＴＮ,ETF,21585.0,32990,,,0,,0,2026-09-29 15:17
2047,ＮＥＸＴ　ＮＯＴＥＳ　インドＮｉｆｔｙ・ベア　ＥＴＮ,ETF,3548.0,3700,,,0,,0,2026-09-29 15:17
2048,ＮＥＸＴ　ＮＯＴＥＳ　野村日本株高配当７０（ドルヘッジ、ネットリターン）ＥＴＮ,ETF,57260.0,56380,,,0,,0,2026-09-29 15:17
2050,ＮＥＸＴ　ＮＯＴＥＳ　ニッチトップ　中小型日本株（ネットリターン）ＥＴＮ,ETF,32720.0,32910,,,0,,0,2026-09-29 15:17
2053,中部飼料,食料品,1989.0,2059,3.82,7.0,2,営業利益率／営業キャッシュフロー,0,2026-09-29 15:17
2060,フィード・ワン,食料品,1440.0,1489,3.61,5.0,2,営業利益率／営業キャッシュフロー,0,2026-09-29 15:17
2065,ＮＥＸＴ　ＮＯＴＥＳ　日本株配当貴族（ドルヘッジ、ネットリターン）ＥＴＮ,ETF,57170.0,59460,,,0,,0,2026-09-29 15:17
2066,ＮＥＸＴ　ＮＯＴＥＳ　東証ＲＥＩＴ（ドルヘッジ、ネットリターン）ＥＴＮ,J-REIT市場,23500.0,23500,,,0,,0,2026-09-29 15:17
2067,ＮＥＸＴ　ＮＯＴＥＳ　野村ＡＩビジネス７０（ネットリターン）ＥＴＮ,ETF,28525.0,29300,,,0,,0,2026-09-29 15:17
2068,ＮＥＸＴ　ＮＯＴＥＳ　高ベータ３０（ネットリターン）ＥＴＮ,ETF,39100.0,40110,,,0,,0,2026-09-29 15:17
2069,ＮＥＸＴ　ＮＯＴＥＳ　低ベータ５０（ネットリターン）ＥＴＮ,ETF,23085.0,23085,,,0,,0,2026-09-29 15:17
2070,スマートＥＳＧ３０女性活躍（ネットリターン）ＥＴＮ,ETF,16595.0,17030,,,0,,0,2026-09-29 15:17
2071,スマートＥＳＧ３０総合（ネットリターン）ＥＴＮ,ETF,20080.0,20710,,,0,,0,2026-09-29 15:17
2072,トップシェアインデックス（ネットリターン）ＥＴＮ,ETF,21940.0,22360,,,0,,0,2026-09-29 15:17
2073,スマートＥＳＧ３０低カーボンリスク（ネットリターン）ＥＴＮ,ETF,15860.0,15860,,,0,,0,2026-09-29 15:17
2080,ＰＢＲ１倍割れ解消推進ＥＴＦ,ETF,2046.0,2123,1.8,0.0,1,配当利回り,0,2026-09-29 15:17
2081,政策保有解消推進ＥＴＦ,ETF,2149.0,2210,1.09,0.0,1,配当利回り,0,2026-09-29 15:17
2082,投資家経営者一心同体ＥＴＦ,ETF,1245.0,1287,0.26,0.0,1,配当利回り,0,2026-09-29 15:17
2083,ＮＥＸＴ　ＦＵＮＤＳ　日本成長株アクティブ上場投信,ETF,3913.0,4044,0.89,0.0,1,配当利回り,0,2026-09-29 15:17
2084,ＮＥＸＴ　ＦＵＮＤＳ　日本高配当株アクティブ上場投信,ETF,3843.0,3921,2.21,0.0,1,配当利回り,0,2026-09-29 15:17
2085,ＭＡＸＩＳ高配当日本株アクティブ上場投信,ETF,777.0,796,3.0,0.0,1,配当利回り,0,2026-09-29 15:17
2086,ＮＺＡＭ　上場投信　Ｓ＆Ｐ５００（為替ヘッジあり）,ETF,3069.0,3090,0.94,0.0,1,配当利回り,0,2026-09-29 15:17
2087,ＮＺＡＭ　上場投信　ＮＡＳＤＡＱ１００（為替ヘッジあり）,ETF,3520.0,3572,0.33,0.0,1,配当利回り,0,2026-09-29 15:17
2088,ＮＺＡＭ　上場投信　ＮＹダウ３０（為替ヘッジあり）,ETF,2575.0,2680,1.32,0.0,1,配当利回り,0,2026-09-29 15:17
2089,ＮＺＡＭ　上場投信　ＤＡＸ（為替ヘッジあり）,ETF,2816.0,2922,0.65,0.0,1,配当利回り,0,2026-09-29 15:17
2090,ＮＺＡＭ　上場投信　米国国債７－１０年（為替ヘッジあり）,ETF,4174.0,4620,3.37,5.0,1,配当利回り,0,2026-09-29 15:17
2091,ＮＺＡＭ　上場投信　ドイツ国債７－１０年（為替ヘッジあり）,ETF,4371.0,4759,2.31,0.0,2,配当利回り／1株配当の推移,0,2026-09-29 15:17
2092,ＮＺＡＭ　上場投信　フランス国債７－１０年（為替ヘッジあり）,ETF,4362.0,4826,3.13,5.0,1,配当利回り,0,2026-09-29 15:17
2093,上場Ｔｒａｃｅｒｓ　米国債０－２年ラダー（為替ヘッジなし）,ETF,5229.0,5404,3.21,2.5,1,配当利回り,0,2026-09-29 15:17
2094,東証ＲＥＩＴインバースＥＴＦ,J-REIT市場,816.0,803,0.0,0.0,1,配当利回り,0,2026-09-29 15:17
2095,グローバルＸ　Ｓ＆Ｐ５００配当貴族　ＥＴＦ（為替ヘッジあり）,ETF,1119.0,1190,1.96,0.0,1,配当利回り,0,2026-09-29 15:17
2096,グローバルＸ　オフィス・Ｊ－ＲＥＩＴ　ＥＴＦ,J-REIT市場,962.0,1192,7.18,7.5,0,,0,2026-09-29 15:17
2097,グローバルＸ　レジデンシャル・Ｊ－ＲＥＩＴ　ＥＴＦ,J-REIT市場,902.0,1108,3.66,2.5,1,1株配当の推移,0,2026-09-29 15:17
2098,グローバルＸ　ホテル＆リテール・Ｊ－ＲＥＩＴ　ＥＴＦ,J-REIT市場,944.0,1136,11.66,10.0,0,,0,2026-09-29 15:17
2109,ＤＭ三井製糖,食料品,3820.0,3900,3.67,6.0,3,EPSの推移／1株配当の推移／配当性向,0,2026-09-29 15:17
2117,ウェルネオシュガー,食料品,2765.0,3030,4.27,6.0,2,1株配当の推移／営業キャッシュフロー,0,2026-09-29 15:17
2120,ＬＩＦＵＬＬ,サービス業,235.0,240,5.72,7.0,2,EPSの推移／1株配当の推移,0,2026-09-29 15:17
2121,ＭＩＸＩ,情報・通信業,3710.0,3830,5.12,8.0,1,1株配当の推移,0,2026-09-29 15:17
2124,ジェイエイシーリクルートメント,サービス業,1042.0,1106,3.64,8.0,1,配当性向,0,2026-09-29 15:17
2127,日本Ｍ＆Ａセンターホールディングス,サービス業,615.1,755,4.07,8.5,0,,0,2026-09-29 15:17
2130,メンバーズ,サービス業,913.0,1412,3.83,8.0,1,営業利益率,0,2026-09-29 15:17
2146,ＵＴグループ,サービス業,238.0,240,5.61,5.5,2,営業利益率／配当性向,0,2026-09-29 15:17
2148,アイティメディア,サービス業,1138.0,1906,8.78,6.5,2,EPSの推移／配当性向,0,2026-09-29 15:17
2153,Ｅ・Ｊホールディングス,サービス業,1884.0,1937,3.83,8.5,1,1株配当の推移,0,2026-09-29 15:17
2154,オープンアップグループ,サービス業,2005.0,2066,4.99,7.5,1,流動比率,0,2026-09-29 15:17
2163,アルトナー,サービス業,946.0,1059,6.82,8.5,1,配当性向,0,2026-09-29 15:17
2169,ＣＤＳ,サービス業,1760.0,1837,4.2,6.5,1,配当性向,1,2026-09-29 15:17
2181,パーソルホールディングス,サービス業,281.5,301,4.61,5.5,3,営業利益率／自己資本比率／流動比率,0,2026-09-29 15:17
2198,アイ・ケイ・ケイホールディングス,サービス業,770.0,823,3.12,6.0,2,配当利回り／流動比率,0,2026-09-29 15:17
2235,上場インデックスファンド米国株式（ダウ平均）為替ヘッジなし,ETF,3503.0,3705,1.88,0.0,2,配当利回り／1株配当の推移,0,2026-09-29 15:17
2236,グローバルＸ　Ｓ＆Ｐ５００配当貴族ＥＴＦ,ETF,1406.0,1516,1.92,5.0,1,配当利回り,0,2026-09-29 15:17
2237,ｉＦｒｅｅＥＴＦ　Ｓ＆Ｐ５００レバレッジ,ETF,2419.0,121950,0.45,5.0,1,配当利回り,0,2026-09-29 15:17
2238,ｉＦｒｅｅＥＴＦ　Ｓ＆Ｐ５００インバース,ETF,5263.0,6242,0.0,0.0,1,配当利回り,0,2026-09-29 15:17
2239,上場インデックスファンドＳ＆Ｐ５００先物レバレッジ２倍,ETF,26350.0,26790,0.0,0.0,1,配当利回り,0,2026-09-29 15:17
2240,上場インデックスファンドＳ＆Ｐ５００先物インバース,ETF,5281.0,6329,0.0,0.0,1,配当利回り,0,2026-09-29 15:17
2241,ＭＡＸＩＳ　ＮＹダウ上場投信,ETF,899.5,950,1.54,5.0,1,配当利回り,0,2026-09-29 15:17
2242,ＭＡＸＩＳ　ＮＹダウ上場投信（為替ヘッジあり）,ETF,659.1,686,1.01,5.0,1,配当利回り,0,2026-09-29 15:17
2243,グローバルＸ　半導体　ＥＴＦ,ETF,4605.0,5324,0.04,5.0,1,配当利回り,0,2026-09-29 15:17
2244,グローバルＸ　ＵＳ　テック・トップ２０　ＥＴＦ,ETF,3677.0,3770,0.0,0.0,1,配当利回り,0,2026-09-29 15:17
2245,ＮＥＸＴ　ＦＵＮＤＳ　ブルームバーグ・ドイツ国債（７－１０年）インデックス（為替ヘッジあり）連動型上場投信,ETF,679.9,739,2.44,5.0,1,配当利回り,0,2026-09-29 15:17
2247,ｉＦｒｅｅＥＴＦ　Ｓ＆Ｐ５００（為替ヘッジなし）,ETF,2266.0,2317,0.71,5.0,1,配当利回り,0,2026-09-29 15:17
2248,ｉＦｒｅｅＥＴＦ　Ｓ＆Ｐ５００（為替ヘッジあり）,ETF,2741.0,2766,1.06,5.0,1,配当利回り,0,2026-09-29 15:17
2249,ｉＦｒｅｅＥＴＦ　Ｓ＆Ｐ５００ダブルインバース,ETF,9420.0,13510,0.56,0.0,1,配当利回り,0,2026-09-29 15:17
2250,ｉシェアーズ　ＭＳＣＩ　ジャパン気候変動アクション　ＥＴＦ,ETF,370.1,376,1.89,0.0,1,配当利回り,0,2026-09-29 15:17
2251,ＮＥＸＴ　ＦＵＮＤＳ　ＪＰＸ国債先物ダブルインバース指数連動型上場投信,ETF,924.9,926,0.0,0.0,1,配当利回り,0,2026-09-29 15:17
2252,グローバルＸ　Ｍｏｒｎｉｎｇｓｔａｒ　米国中小型　Ｍｏａｔ　ＥＴＦ,ETF,1356.0,1488,0.81,5.0,1,配当利回り,0,2026-09-29 15:17
2253,グローバルＸ　スーパーディビィデンド－ＵＳ　ＥＴＦ,ETF,1280.0,1360,5.71,10.0,0,,0,2026-09-29 15:17
2254,グローバルＸ　チャイナＥＶ＆バッテリー　ＥＴＦ,ETF,952.0,1387,0.0,0.0,1,配当利回り,0,2026-09-29 15:17
2255,ｉシェアーズ　米国債２０年超　ＥＴＦ,ETF,190.0,218,4.36,10.0,0,,0,2026-09-29 15:17
2256,ｉシェアーズ　米国総合債券　ＥＴＦ,ETF,212.9,231,3.52,5.0,0,,0,2026-09-29 15:17
2257,ｉシェアーズ　米ドル建て投資適格社債　ＥＴＦ,ETF,213.7,232,4.17,10.0,0,,0,2026-09-29 15:17
2258,ｉシェアーズ　米ドル建てハイイールド社債　ＥＴＦ,ETF,219.5,233,6.28,10.0,0,,0,2026-09-29 15:17
2259,ｉシェアーズ　フランス国債７－１０年　ＥＴＦ（為替ヘッジあり）,ETF,171.6,192,4.14,10.0,0,,0,2026-09-29 15:17
2281,プリマハム,食料品,2313.0,2907,3.46,3.5,6,配当利回り／営業利益率／流動比率／EPSの推移／1株配当の推移／配当性向,0,2026-09-29 15:17
2288,丸大食品,食料品,2165.0,2402,3.71,5.5,3,営業利益率／EPSの推移／1株配当の推移,0,2026-09-29 15:17
2292,Ｓ　Ｆｏｏｄｓ,食料品,2683.0,3200,4.1,7.0,2,営業利益率／EPSの推移,0,2026-09-29 15:17
2294,柿安本店,食料品,2478.0,2945,3.42,3.5,5,配当利回り／営業利益率／EPSの推移／1株配当の推移／配当性向,0,2026-09-29 15:17
2296,伊藤ハム米久ホールディングス,食料品,4850.0,6450,3.2,6.5,2,配当利回り／営業利益率,0,2026-09-29 15:17
2301,学情,サービス業,1751.0,1900,4.29,9.0,0,,0,2026-09-29 15:17
2304,ＣＳＳホールディングス,サービス業,898.0,1006,4.45,6.5,2,営業利益率／流動比率,0,2026-09-29 15:17
2307,クロスキャット,情報・通信業,1059.0,1207,3.68,8.5,1,1株配当の推移,0,2026-09-29 15:17
2311,エプコ,サービス業,790.0,840,5.08,6.5,3,営業利益率／1株配当の推移／営業キャッシュフロー,0,2026-09-29 15:17
2317,システナ,情報・通信業,422.0,531,4.27,10.0,0,,0,2026-09-29 15:17
2329,東北新社,情報・通信業,488.0,653,5.55,6.0,3,営業利益率／売上高の推移／1株配当の推移,0,2026-09-29 15:17
2332,クエスト,情報・通信業,1740.0,1952,3.51,7.5,1,営業利益率,0,2026-09-29 15:17
2335,キューブシステム,情報・通信業,1073.0,1152,4.47,8.5,0,,0,2026-09-29 15:17
2337,いちご,不動産業,394.0,500,3.94,7.5,2,自己資本比率／営業キャッシュフロー,0,2026-09-29 15:17
2353,日本駐車場開発,不動産業,257.0,287,3.5,8.5,1,自己資本比率,0,2026-09-29 15:17
2359,コア,情報・通信業,2058.0,2295,3.16,8.0,1,配当利回り,0,2026-09-29 15:17
2373,ケア２１,サービス業,449.0,477,3.78,4.0,6,営業利益率／自己資本比率／流動比率／EPSの推移／1株配当の推移／配当性向,0,2026-09-29 15:17
2379,ディップ,サービス業,1794.0,2325,5.41,7.5,1,配当性向,0,2026-09-29 15:17
2391,プラネット,サービス業,1168.0,1271,3.86,7.5,1,EPSの推移,0,2026-09-29 15:17
2393,日本ケアサプライ,サービス業,4390.0,4470,1.69,5.5,3,配当利回り／流動比率／営業キャッシュフロー,0,2026-09-29 15:17
2395,新日本科学,サービス業,1297.0,1823,3.86,6.0,3,流動比率／EPSの推移／1株配当の推移,0,2026-09-29 15:17
2408,ＫＧ情報,サービス業,832.0,885,4.45,7.0,2,1株配当の推移／営業キャッシュフロー,0,2026-09-29 15:17
2410,キャリアデザインセンター,サービス業,2667.0,2951,3.75,8.5,0,,0,2026-09-29 15:17
2411,ゲンダイエージェンシー,情報・通信業,457.0,493,5.7,7.0,1,1株配当の推移,0,2026-09-29 15:17
2415,ヒューマンホールディングス,サービス業,1586.0,2097,8.57,6.5,3,営業利益率／自己資本比率／1株配当の推移,0,2026-09-29 15:17
2425,ケアサービス,サービス業,680.0,814,3.24,5.5,3,配当利回り／営業利益率／EPSの推移,0,2026-09-29 15:17
2428,ウェルネット,サービス業,623.0,717,4.89,6.0,3,自己資本比率／流動比率／1株配当の推移,0,2026-09-29 15:17
2429,ワールドホールディングス,サービス業,2817.0,2895,4.83,5.5,4,営業利益率／自己資本比率／1株配当の推移／営業キャッシュフロー,0,2026-09-29 15:17
2435,シダー,サービス業,204.0,224,3.92,4.5,5,営業利益率／自己資本比率／流動比率／EPSの推移／1株配当の推移,0,2026-09-29 15:17
2445,タカミヤ,サービス業,391.0,457,5.12,6.0,3,自己資本比率／流動比率／営業キャッシュフロー,0,2026-09-29 15:17
2449,プラップジャパン,サービス業,1036.0,1132,3.95,9.5,0,,0,2026-09-29 15:17
2461,ファンコミュニケーションズ,サービス業,391.0,545,5.37,6.5,2,EPSの推移／配当性向,0,2026-09-29 15:17
2462,ライク,サービス業,1508.0,1615,3.98,5.0,4,営業利益率／流動比率／EPSの推移／1株配当の推移,0,2026-09-29 15:17
2471,エスプール,サービス業,273.0,344,3.66,6.5,2,自己資本比率／流動比率,0,2026-09-29 15:17
2475,ＷＤＢホールディングス,サービス業,1747.0,1847,3.58,6.0,2,EPSの推移／1株配当の推移,0,2026-09-29 15:17
2479,ジェイテック,サービス業,265.0,268,3.78,8.0,0,,0,2026-09-29 15:17
2481,タウンニュース社,サービス業,740.0,705,2.97,7.5,1,配当利回り,0,2026-09-29 15:17
2483,翻訳センター,サービス業,2241.0,2299,6.25,6.0,3,営業利益率／1株配当の推移／配当性向,0,2026-09-29 15:17
2485,ティア,サービス業,437.0,544,4.57,6.5,3,自己資本比率／流動比率／配当性向,0,2026-09-29 15:17
2488,ＪＴＰ,サービス業,1414.0,1541,3.54,8.0,1,1株配当の推移,0,2026-09-29 15:17
2491,バリューコマース,サービス業,454.0,795,7.05,4.5,4,売上高の推移／EPSの推移／1株配当の推移／配当性向,0,2026-09-29 15:17
2498,オリエンタルコンサルタンツホールディングス,サービス業,2979.0,3270,8.73,6.0,4,営業利益率／自己資本比率／流動比率／営業キャッシュフロー,0,2026-09-29 15:17
2499,日本和装ホールディングス,サービス業,308.0,370,6.49,4.5,3,EPSの推移／1株配当の推移／営業キャッシュフロー,0,2026-09-29 15:17
2502,アサヒグループホールディングス,食料品,1584.5,1812,3.91,6.5,2,営業利益率／流動比率,0,2026-09-29 15:17
2510,ＮＥＸＴ　ＦＵＮＤＳ　国内債券・ＮＯＭＵＲＡ－ＢＰＩ総合連動型上場投信,ETF,790.5,859,1.01,0.0,2,配当利回り／1株配当の推移,0,2026-09-29 15:17
2511,ＮＥＸＴ　ＦＵＮＤＳ　外国債券・ＦＴＳＥ世界国債インデックス（除く日本・為替ヘッジなし）連動型上場投信,ETF,1120.5,1208,3.35,5.0,1,配当利回り,0,2026-09-29 15:17
2512,ＮＥＸＴ　ＦＵＮＤＳ　外国債券・ＦＴＳＥ世界国債インデックス（除く日本・為替ヘッジあり）連動型上場投信,ETF,703.7,762,2.97,0.0,2,配当利回り／1株配当の推移,0,2026-09-29 15:17
2513,ＮＥＸＴ　ＦＵＮＤＳ　外国株式・ＭＳＣＩ－ＫＯＫＵＳＡＩ指数（為替ヘッジなし）連動型上場投信,ETF,3533.0,3654,0.92,2.5,1,配当利回り,0,2026-09-29 15:17
2514,ＮＥＸＴ　ＦＵＮＤＳ　外国株式・ＭＳＣＩ－ＫＯＫＵＳＡＩ指数（為替ヘッジあり）連動型上場投信,ETF,2025.0,2055,0.89,0.0,2,配当利回り／1株配当の推移,0,2026-09-29 15:17
2515,ＮＥＸＴ　ＦＵＮＤＳ　外国ＲＥＩＴ・Ｓ＆Ｐ先進国ＲＥＩＴ指数（除く日本・為替ヘッジなし）連動型上場投信,J-REIT市場,1553.0,1759,3.28,2.5,1,配当利回り,0,2026-09-29 15:17
2516,東証グロース２５０ＥＴＦ,ETF,620.9,648,0.0,0.0,1,配当利回り,0,2026-09-29 15:17
2517,ＭＡＸＩＳ　Ｊリート・コア上場投信,J-REIT市場,1040.0,1224,4.98,7.5,0,,0,2026-09-29 15:17
2518,ＮＥＸＴ　ＦＵＮＤＳ　ＭＳＣＩ日本株女性活躍指数（セレクト）連動型上場投信,ETF,2416.0,2456,1.66,0.0,2,配当利回り／1株配当の推移,0,2026-09-29 15:17
2519,ＮＥＸＴ　ＦＵＮＤＳ　新興国債券・Ｊ．Ｐ．モルガン・エマージング・マーケット・ボンド・インデックス・プラス（為替ヘッジなし）連動型上場投信,ETF,1120.0,1242,5.52,5.0,1,1株配当の推移,0,2026-09-29 15:17
2520,ＮＥＸＴ　ＦＵＮＤＳ　新興国株式・ＭＳＣＩエマージング・マーケット・インデックス（為替ヘッジなし）連動型上場投信,ETF,2328.0,2450,1.5,2.5,1,配当利回り,0,2026-09-29 15:17
2521,上場インデックスファンド米国株式（Ｓ＆Ｐ５００）為替ヘッジあり,ETF,2160.0,2170,0.93,5.0,1,配当利回り,0,2026-09-29 15:17
2522,ｉシェアーズ　オートメーション　＆　ロボット　ＥＴＦ,ETF,8900.0,9161,0.15,0.0,2,配当利回り／1株配当の推移,0,2026-09-29 15:17
2523,ＭＡＸＩＳトピックス（除く金融）上場投信,ETF,3160.0,3247,2.06,0.0,2,配当利回り／1株配当の推移,0,2026-09-29 15:17
2524,ＮＺＡＭ　上場投信　ＴＯＰＩＸ,ETF,4156.0,4247,1.7,5.0,1,配当利回り,0,2026-09-29 15:17
2525,ＮＺＡＭ　上場投信　日経２２５,ETF,65800.0,71420,1.03,0.0,2,配当利回り／1株配当の推移,0,2026-09-29 15:17
2526,ＮＺＡＭ　上場投信　ＪＰＸ日経４００,ETF,37080.0,37600,1.76,5.0,1,配当利回り,0,2026-09-29 15:17
2527,ＮＺＡＭ　上場投信　東証ＲＥＩＴ　Ｃｏｒｅ指数,J-REIT市場,1053.0,1249,4.52,5.0,1,1株配当の推移,0,2026-09-29 15:17
2528,ｉＦｒｅｅＥＴＦ　東証ＲＥＩＴ　Ｃｏｒｅ指数,J-REIT市場,1032.0,1225,4.94,7.5,0,,0,2026-09-29 15:17
2529,ＮＥＸＴ　ＦＵＮＤＳ　野村株主還元７０連動型上場投信,ETF,2355.0,2412,2.25,0.0,2,配当利回り／1株配当の推移,0,2026-09-29 15:17
2530,ＭＡＸＩＳ　ＨｕａＡｎ中国株式（上海１８０Ａ株）上場投信,ETF,16700.0,18215,3.54,5.0,0,,0,2026-09-29 15:17
2552,上場インデックスファンドＪリート（東証ＲＥＩＴ指数）隔月分配型（ミニ）,J-REIT市場,1850.0,2199,4.87,7.5,0,,0,2026-09-29 15:17
2553,Ｏｎｅ　ＥＴＦ　南方　中国Ａ株　ＣＳＩ５００,ETF,2365.5,2777,0.76,0.0,1,配当利回り,0,2026-09-29 15:17
2554,ＮＥＸＴ　ＦＵＮＤＳ　ブルームバーグ米国投資適格社債（１－１０年）インデックス（為替ヘッジあり）連動型上場投信,ETF,722.1,794,4.41,7.5,0,,0,2026-09-29 15:17
2555,東証ＲＥＩＴ　ＥＴＦ,J-REIT市場,1775.0,2127,4.73,7.5,0,,0,2026-09-29 15:17
2556,Ｏｎｅ　ＥＴＦ　東証ＲＥＩＴ指数,J-REIT市場,1777.0,2090,4.96,7.5,0,,0,2026-09-29 15:17
2557,ＳＭＤＡＭ　トピックス上場投信,ETF,4125.0,4209,1.73,5.0,1,配当利回り,0,2026-09-29 15:17
2558,ＭＡＸＩＳ米国株式（Ｓ＆Ｐ５００）上場投信,ETF,3472.0,34760,0.85,5.0,1,配当利回り,0,2026-09-29 15:17
2559,ＭＡＸＩＳ全世界株式（オール・カントリー）上場投信,ETF,2946.0,29795,1.15,5.0,1,配当利回り,0,2026-09-29 15:17
2560,ＭＡＸＩＳカーボン・エフィシェント日本株上場投信,ETF,53090.0,53970,1.74,5.0,1,配当利回り,0,2026-09-29 15:17
2561,ｉシェアーズ・コア　日本国債　ＥＴＦ,ETF,1960.0,2185,1.28,0.0,2,配当利回り／1株配当の推移,0,2026-09-29 15:17
2562,上場インデックスファンド米国株式（ダウ平均）為替ヘッジあり,ETF,3562.0,3708,1.13,0.0,2,配当利回り／1株配当の推移,0,2026-09-29 15:17
2563,ｉシェアーズ　Ｓ＆Ｐ　５００　米国株　ＥＴＦ（為替ヘッジあり）,ETF,403.7,407,0.89,5.0,1,配当利回り,0,2026-09-29 15:17
2564,グローバルＸ　ＭＳＣＩスーパーディビィデンド－日本株式　ＥＴＦ,ETF,3652.0,3775,4.19,10.0,0,,0,2026-09-29 15:17
2565,グローバルＸ　ロジスティクス・Ｊ－ＲＥＩＴ　ＥＴＦ,J-REIT市場,853.0,996,4.93,5.0,1,1株配当の推移,0,2026-09-29 15:17
2566,上場インデックスファンド日経ＥＳＧリート,J-REIT市場,974.0,1146,4.93,7.5,0,,0,2026-09-29 15:17
2567,ＮＺＡＭ　上場投信　Ｓ＆Ｐ／ＪＰＸカーボン・エフィシェント指数,ETF,538.1,560,1.75,5.0,1,配当利回り,0,2026-09-29 15:17
2568,上場インデックスファンド米国株式（ＮＡＳＤＡＱ１００）為替ヘッジなし,ETF,8136.0,8328,0.19,0.0,2,配当利回り／1株配当の推移,0,2026-09-29 15:17
2569,上場インデックスファンド米国株式（ＮＡＳＤＡＱ１００）為替ヘッジあり,ETF,4386.0,4458,0.25,0.0,2,配当利回り／1株配当の推移,0,2026-09-29 15:17
2588,プレミアムウォーターホールディングス,食料品,3530.0,4060,3.41,7.0,3,配当利回り／自己資本比率／流動比率,0,2026-09-29 15:17
2613,Ｊ－オイルミルズ,食料品,2236.0,2320,3.58,5.0,4,営業利益率／売上高の推移／1株配当の推移／営業キャッシュフロー,0,2026-09-29 15:17
2620,ｉシェアーズ　米国債１－３年　ＥＴＦ,ETF,362.5,378,2.78,5.0,1,配当利回り,0,2026-09-29 15:17
2621,ｉシェアーズ　米国債２０年超　ＥＴＦ（為替ヘッジあり）,ETF,954.0,1122,5.04,5.0,1,1株配当の推移,0,2026-09-29 15:17
2622,ｉシェアーズ　米ドル建て新興国債券　ＥＴＦ（為替ヘッジあり）,ETF,1634.0,1781,4.77,7.5,0,,0,2026-09-29 15:17
2623,ｉシェアーズ　ユーロ建て投資適格社債　ＥＴＦ（為替ヘッジあり）,ETF,1899.0,2072,5.11,7.5,0,,0,2026-09-29 15:17
2624,ｉＦｒｅｅＥＴＦ　日経２２５（年４回決算型）,ETF,6573.0,7063,1.15,5.0,1,配当利回り,0,2026-09-29 15:17
2625,ｉＦｒｅｅＥＴＦ　ＴＯＰＩＸ（年４回決算型）,ETF,4077.0,4170,1.82,5.0,1,配当利回り,0,2026-09-29 15:17
2626,グローバルＸ　デジタル・イノベーション－日本株式　ＥＴＦ,ETF,3320.0,3380,0.69,0.0,2,配当利回り／1株配当の推移,0,2026-09-29 15:17
2627,グローバルＸ　ｅコマース－日本株式　ＥＴＦ,ETF,1550.0,1627,1.15,5.0,1,配当利回り,0,2026-09-29 15:17
2628,ｉＦｒｅｅＥＴＦ　中国科創板５０（ＳＴＡＲ５０）,ETF,3629.0,5060,0.0,0.0,1,配当利回り,0,2026-09-29 15:17
2629,ｉＦｒｅｅＥＴＦ　中国グレーターベイエリア・イノベーション１００（ＧＢＡ１００）,ETF,3669.0,9305,0.0,0.0,1,配当利回り,0,2026-09-29 15:17
2630,ＭＡＸＩＳ米国株式（Ｓ＆Ｐ５００）上場投信（為替ヘッジあり）,ETF,16010.0,16100,0.89,5.0,1,配当利回り,0,2026-09-29 15:17
2631,ＭＡＸＩＳナスダック１００上場投信,ETF,33950.0,34620,0.28,5.0,1,配当利回り,0,2026-09-29 15:17
2632,ＭＡＸＩＳナスダック１００上場投信（為替ヘッジあり）,ETF,18285.0,18550,0.35,5.0,1,配当利回り,0,2026-09-29 15:17
2633,ＮＥＸＴ　ＦＵＮＤＳ　Ｓ＆Ｐ　５００　指数（為替ヘッジなし）連動型上場投信,ETF,555.7,569,0.83,2.5,1,配当利回り,0,2026-09-29 15:17
2634,ＮＥＸＴ　ＦＵＮＤＳ　Ｓ＆Ｐ　５００　指数（為替ヘッジあり）連動型上場投信,ETF,3150.0,3178,0.86,2.5,1,配当利回り,0,2026-09-29 15:17
2636,グローバルＸ　ＭＳＣＩ　ガバナンス・クオリティ－日本株式　ＥＴＦ,ETF,4853.0,4990,1.38,0.0,2,配当利回り／1株配当の推移,0,2026-09-29 15:17
2637,グローバルＸ　クリーンテック－日本株式　ＥＴＦ,ETF,2606.0,3405,0.96,0.0,2,配当利回り／1株配当の推移,0,2026-09-29 15:17
2638,グローバルＸ　ロボティクス＆ＡＩ－日本株式　ＥＴＦ,ETF,2681.0,2895,0.15,0.0,2,配当利回り／1株配当の推移,0,2026-09-29 15:17
2639,グローバルＸ　バイオ＆メドテック－日本株式　ＥＴＦ,ETF,1712.0,1793,3.27,2.5,1,配当利回り,0,2026-09-29 15:17
2640,グローバルＸ　ゲーム＆アニメ－日本株式　ＥＴＦ,ETF,4215.0,4715,1.37,0.0,2,配当利回り／1株配当の推移,0,2026-09-29 15:17
2641,グローバルＸ　グローバルリーダーズ－日本株式　ＥＴＦ,ETF,4458.0,4628,1.57,0.0,2,配当利回り／1株配当の推移,0,2026-09-29 15:17
2642,ＳＭＴ　ＥＴＦカーボン・エフィシェント日本株,ETF,53650.0,54590,1.78,5.0,1,配当利回り,0,2026-09-29 15:17
2643,ＮＥＸＴ　ＦＵＮＤＳ　ＭＳＣＩジャパンカントリー指数（セレクト）連動型上場投信,ETF,4263.5,4372,1.48,5.0,1,配当利回り,0,2026-09-29 15:17
2644,グローバルＸ　半導体関連－日本株式　ＥＴＦ,ETF,4044.0,4940,0.53,5.0,1,配当利回り,0,2026-09-29 15:17
2645,グローバルＸ　レジャー＆エンターテインメント－日本株式　ＥＴＦ,ETF,3024.0,3168,0.73,0.0,2,配当利回り／1株配当の推移,0,2026-09-29 15:17
2646,グローバルＸ　メタルビジネス－日本株式　ＥＴＦ,ETF,3731.0,4274,1.36,0.0,2,配当利回り／1株配当の推移,0,2026-09-29 15:17
2647,ＮＥＸＴ　ＦＵＮＤＳ　ブルームバーグ米国国債（７－１０年）インデックス（為替ヘッジなし）連動型上場投信,ETF,5557.0,6099,3.91,10.0,0,,0,2026-09-29 15:17
2648,ＮＥＸＴ　ＦＵＮＤＳ　ブルームバーグ米国国債（７－１０年）インデックス（為替ヘッジあり）連動型上場投信,ETF,3192.0,3603,4.42,10.0,0,,0,2026-09-29 15:17
2649,ｉシェアーズ　米国政府系機関ジニーメイＭＢＳ　ＥＴＦ（為替ヘッジあり）,ETF,556.3,610,4.55,10.0,0,,0,2026-09-29 15:17
2659,サンエー,小売業,3265.0,3365,3.37,7.0,2,配当利回り／営業利益率,1,2026-09-29 15:17
2674,ハードオフコーポレーション,小売業,2554.0,2901,3.6,8.0,0,,0,2026-09-29 15:17
2676,高千穂交易,卸売業,2032.0,2165,3.75,7.5,2,配当性向／営業キャッシュフロー,0,2026-09-29 15:17
2687,シー・ヴイ・エス・ベイエリア,サービス業,494.0,599,4.05,4.0,6,営業利益率／自己資本比率／流動比率／EPSの推移／1株配当の推移／営業キャッシュフロー,0,2026-09-29 15:17
2689,オルバヘルスケアホールディングス,卸売業,1928.0,2168,4.15,5.0,4,営業利益率／自己資本比率／流動比率／営業キャッシュフロー,0,2026-09-29 15:17
2733,あらた,卸売業,2614.0,3115,4.29,6.5,3,営業利益率／自己資本比率／流動比率,0,2026-09-29 15:17
2750,石光商事,卸売業,1336.0,1494,3.74,4.5,4,営業利益率／自己資本比率／1株配当の推移／営業キャッシュフロー,0,2026-09-29 15:17
2768,双日,卸売業,5535.0,7080,3.24,4.0,5,配当利回り／営業利益率／自己資本比率／1株配当の推移／営業キャッシュフロー,0,2026-09-29 15:17
2784,アルフレッサ　ホールディングス,卸売業,2285.0,2679,3.16,5.5,4,配当利回り／営業利益率／自己資本比率／流動比率,0,2026-09-29 15:17
2788,アップルインターナショナル,卸売業,405.0,,7.41,7.5,0,,0,2026-09-29 15:17
2792,ハニーズホールディングス,小売業,1414.0,1545,3.89,6.0,2,EPSの推移／1株配当の推移,0,2026-09-29 15:17
2813,和弘食品,食料品,3855.0,,5.45,7.5,0,,0,2026-09-29 15:17
2815,アリアケジャパン,食料品,5080.0,6090,4.72,9.0,0,,0,2026-09-29 15:17
2836,グローバルＸ　フィンテック－日本株式　ＥＴＦ,ETF,3250.0,3520,1.47,0.0,2,配当利回り／1株配当の推移,0,2026-09-29 15:17
2837,グローバルＸ　中小型リーダーズ－日本株式　ＥＴＦ,ETF,4795.0,5806,0.75,0.0,2,配当利回り／1株配当の推移,0,2026-09-29 15:17
2838,ＭＡＸＩＳ米国国債７－１０年上場投信（為替ヘッジなし）,ETF,8293.0,9084,4.31,10.0,0,,0,2026-09-29 15:17
2839,ＭＡＸＩＳ米国国債７－１０年上場投信（為替ヘッジあり）,ETF,4781.0,5341,4.1,10.0,0,,0,2026-09-29 15:17
2840,ｉＦｒｅｅＥＴＦ　ＮＡＳＤＡＱ１００（為替ヘッジなし）,ETF,2733.0,2795,0.25,5.0,1,配当利回り,0,2026-09-29 15:17
2841,ｉＦｒｅｅＥＴＦ　ＮＡＳＤＡＱ１００（為替ヘッジあり）,ETF,1723.0,1752,0.34,5.0,1,配当利回り,0,2026-09-29 15:17
2842,ｉＦｒｅｅＥＴＦ　ＮＡＳＤＡＱ１００インバース,ETF,11910.0,15630,0.0,0.0,1,配当利回り,0,2026-09-29 15:17
2843,上場インデックスファンド豪州国債（為替ヘッジあり）,ETF,3595.0,3989,3.83,10.0,0,,0,2026-09-29 15:17
2844,上場インデックスファンド豪州国債（為替ヘッジなし）,ETF,5300.0,5697,5.42,10.0,0,,0,2026-09-29 15:17
2845,ＮＥＸＴ　ＦＵＮＤＳ　ＮＡＳＤＡＱ－１００（為替ヘッジあり）連動型上場投信,ETF,3612.0,3669,0.27,0.0,2,配当利回り／1株配当の推移,0,2026-09-29 15:17
2846,ＮＥＸＴ　ＦＵＮＤＳ　ダウ・ジョーンズ工業株３０種平均株価（為替ヘッジあり）連動型上場投信,ETF,2471.0,2572,0.9,5.0,1,配当利回り,0,2026-09-29 15:17
2847,グローバルＸ　新成長インフラ－日本株式　ＥＴＦ,ETF,3004.0,3210,1.1,5.0,1,配当利回り,0,2026-09-29 15:17
2848,グローバルＸ　ＭＳＣＩ　気候変動対応－日本株式　ＥＴＦ,ETF,3044.0,3083,1.48,0.0,2,配当利回り／1株配当の推移,0,2026-09-29 15:17
2849,グローバルＸ　Ｍｏｒｎｉｎｇｓｔａｒ　高配当　ＥＳＧ－日本株式　ＥＴＦ,ETF,5450.0,5610,2.44,2.5,1,配当利回り,0,2026-09-29 15:17
2851,ｉシェアーズ　ＭＳＣＩ　ジャパンＳＲＩ　ＥＴＦ,ETF,396.0,407,1.54,5.0,1,配当利回り,0,2026-09-29 15:17
2852,ｉシェアーズ　グリーンＪリート　ＥＴＦ,J-REIT市場,167.4,198,4.72,10.0,0,,0,2026-09-29 15:17
2853,ｉシェアーズ　気候リスク調整世界国債　ＥＴＦ（除く日本・為替ヘッジあり）,ETF,598.2,644,2.96,5.0,1,配当利回り,0,2026-09-29 15:17
2854,グローバルＸ　テック・トップ２０－日本株式　ＥＴＦ,ETF,2741.0,2884,0.65,5.0,1,配当利回り,0,2026-09-29 15:17
2855,グローバルＸ　グリーン・Ｊ－ＲＥＩＴ　ＥＴＦ,J-REIT市場,897.0,1069,4.91,10.0,0,,0,2026-09-29 15:17
2856,ｉシェアーズ　米国債３－７年　ＥＴＦ（為替ヘッジあり）,ETF,631.6,685,3.51,7.5,0,,0,2026-09-29 15:17
2857,ｉシェアーズ　ドイツ国債　ＥＴＦ（為替ヘッジあり）,ETF,610.7,653,2.05,2.5,1,配当利回り,0,2026-09-29 15:17
2858,グローバルＸ　日経２２５　カバード・コール　ＥＴＦ（プレミアム再投資型）,ETF,1518.0,1526,1.31,2.5,1,配当利回り,0,2026-09-29 15:17
2859,ＮＥＸＴ　ＦＵＮＤＳ　ユーロ・ストックス５０指数（為替ヘッジあり）連動型上場投信,ETF,3181.0,3255,1.64,5.0,1,配当利回り,0,2026-09-29 15:17
2860,ＮＥＸＴ　ＦＵＮＤＳ　ドイツ株式・ＤＡＸ（為替ヘッジあり）連動型上場投信,ETF,3198.0,3325,1.37,5.0,1,配当利回り,0,2026-09-29 15:17
2861,上場インデックスファンドフランス国債（為替ヘッジなし）,ETF,5230.0,5998,4.72,10.0,0,,0,2026-09-29 15:17
2862,上場インデックスファンドフランス国債（為替ヘッジあり）,ETF,3700.0,4093,3.08,5.0,1,配当利回り,0,2026-09-29 15:17
2864,グローバルＸ　ロジスティクス・ＲＥＩＴ　ＥＴＦ,J-REIT市場,1270.0,1451,3.15,5.0,1,配当利回り,0,2026-09-29 15:17
2865,グローバルＸ　ＮＡＳＤＡＱ１００・カバード・コール　ＥＴＦ,ETF,1286.0,1307,10.12,10.0,0,,0,2026-09-29 15:17
2866,グローバルＸ　米国優先証券　ＥＴＦ,ETF,933.0,1019,6.0,10.0,0,,0,2026-09-29 15:17
2867,グローバルＸ　自動運転＆ＥＶ　ＥＴＦ,ETF,1622.0,2107,0.31,0.0,2,配当利回り／1株配当の推移,0,2026-09-29 15:17
2868,グローバルＸ　Ｓ＆Ｐ５００・カバード・コール　ＥＴＦ,ETF,1137.0,1153,9.06,10.0,0,,0,2026-09-29 15:17
2869,ｉＦｒｅｅＥＴＦ　ＮＡＳＤＡＱ１００レバレッジ,ETF,3043.0,80210,0.3,5.0,1,配当利回り,0,2026-09-29 15:17
2870,ｉＦｒｅｅＥＴＦ　ＮＡＳＤＡＱ１００ダブルインバース,ETF,7231.0,12815,0.59,0.0,2,配当利回り／1株配当の推移,0,2026-09-29 15:17
2871,ニチレイ,食料品,2155.5,2220,3.43,6.5,3,配当利回り／営業利益率／1株配当の推移,0,2026-09-29 15:17
2892,日本食品化工,食料品,4685.0,4870,3.21,3.0,5,配当利回り／営業利益率／EPSの推移／1株配当の推移／営業キャッシュフロー,0,2026-09-29 15:17
2904,一正蒲鉾,食料品,758.0,,3.69,5.0,0,,0,2026-09-29 15:17
2907,あじかん,食料品,1530.0,1554,3.78,8.0,1,営業利益率,0,2026-09-29 15:17
2914,日本たばこ産業,食料品,6901.0,7135,3.94,7.0,1,1株配当の推移,0,2026-09-29 15:17
2915,ケンコーマヨネーズ,食料品,1973.0,2314,3.55,6.5,2,営業利益率／1株配当の推移,0,2026-09-29 15:17
2918,わらべや日洋ホールディングス,食料品,2684.0,3440,4.47,6.5,2,営業利益率／流動比率,0,2026-09-29 15:17
2924,イフジ産業,食料品,1910.0,2287,3.61,6.5,1,営業キャッシュフロー,0,2026-09-29 15:17
2926,篠崎屋,食料品,116.0,128,5.17,5.6,4,営業利益率／EPSの推移／1株配当の推移／営業キャッシュフロー,0,2026-09-29 15:17
2927,ＡＦＣ－ＨＤアムスライフサイエンス,食料品,846.0,907,5.2,6.5,3,自己資本比率／流動比率／1株配当の推移,0,2026-09-29 15:17
2929,ファーマフーズ,食料品,702.0,831,3.56,4.0,5,営業利益率／自己資本比率／流動比率／EPSの推移／営業キャッシュフロー,0,2026-09-29 15:17
2932,ＳＴＩフードホールディングス,食料品,1097.0,1302,3.66,7.0,2,営業利益率／流動比率,0,2026-09-29 15:17
2961,日本調理機,金属製品,1492.0,,6.03,7.5,0,,0,2026-09-29 15:17
2971,エスコンジャパンリート投資法人,J-REIT市場,105400.0,128700,6.64,6.0,3,流動比率／1株配当の推移／配当性向,0,2026-09-29 15:17
2972,サンケイリアルエステート投資法人,J-REIT市場,125100.0,132800,4.83,5.5,3,流動比率／1株配当の推移／配当性向,0,2026-09-29 15:17
2975,スター・マイカ・ホールディングス,不動産業,1385.0,1667,3.68,7.0,2,自己資本比率／営業キャッシュフロー,0,2026-09-29 15:17
2979,ＳＯＳｉＬＡ物流リート投資法人,J-REIT市場,100100.0,129500,5.38,8.0,2,流動比率／配当性向,0,2026-09-29 15:17
2982,ＡＤワークスグループ,不動産業,416.0,500,4.8,7.0,2,自己資本比率／営業キャッシュフロー,0,2026-09-29 15:17
2984,ヤマイチエステート,不動産業,795.0,783,3.9,5.5,3,自己資本比率／EPSの推移／営業キャッシュフロー,0,2026-09-29 15:17
2989,東海道リート投資法人,J-REIT市場,91200.0,116900,6.65,8.0,2,流動比率／配当性向,0,2026-09-29 15:17
2993,長栄,不動産業,2190.0,2607,4.56,8.0,2,自己資本比率／EPSの推移,0,2026-09-29 15:17
3002,グンゼ,繊維製品,4025.0,4745,3.65,6.0,1,営業利益率,0,2026-09-29 15:17
3003,ヒューリック,不動産業,1711.0,2069,3.91,7.5,2,自己資本比率／流動比率,1,2026-09-29 15:17
3004,神栄,卸売業,2022.0,2731,5.43,6.0,4,営業利益率／自己資本比率／流動比率／1株配当の推移,0,2026-09-29 15:17
3011,バナーズ,小売業,141.0,184,3.55,5.0,3,営業利益率／自己資本比率／流動比率,0,2026-09-29 15:17
3021,パシフィックネット,サービス業,1626.0,2469,3.51,7.5,2,自己資本比率／流動比率,0,2026-09-29 15:17
3023,ラサ商事,卸売業,2057.0,2369,3.89,8.5,0,,0,2026-09-29 15:17
3024,クリエイト,卸売業,1217.0,1255,3.54,4.0,5,営業利益率／自己資本比率／流動比率／EPSの推移／1株配当の推移,0,2026-09-29 15:17
3031,ラクーンホールディングス,情報・通信業,706.0,724,3.12,4.5,4,配当利回り／自己資本比率／流動比率／1株配当の推移,0,2026-09-29 15:17
3040,ソリトンシステムズ,情報・通信業,2663.0,2719,3.17,8.0,1,配当利回り,0,2026-09-29 15:17
3045,カワサキ,卸売業,1469.0,1486,3.41,6.5,2,配当利回り／1株配当の推移,0,2026-09-29 15:17
3076,あい　ホールディングス,卸売業,2957.0,3020,4.75,9.0,0,,1,2026-09-29 15:17
3089,テクノアルファ,卸売業,1099.0,1408,3.18,6.5,3,配当利回り／1株配当の推移／営業キャッシュフロー,0,2026-09-29 15:17
3092,ＺＯＺＯ,小売業,1085.5,1360,3.69,8.0,0,,0,2026-09-29 15:17
3109,シキボウ,繊維製品,1044.0,1165,4.79,4.5,4,営業利益率／自己資本比率／流動比率／1株配当の推移,0,2026-09-29 15:17
3116,トヨタ紡織,輸送用機器,2168.5,3201,3.96,6.0,2,営業利益率／EPSの推移,0,2026-09-29 15:17
3139,ラクト・ジャパン,卸売業,3435.0,4175,3.84,6.5,3,営業利益率／自己資本比率／営業キャッシュフロー,0,2026-09-29 15:17
3143,オーウイル,卸売業,935.0,765,2.35,5.0,4,配当利回り／営業利益率／自己資本比率／営業キャッシュフロー,0,2026-09-29 15:17
3150,グリムス,電気・ガス業,2365.0,2821,5.5,9.5,0,,0,2026-09-29 15:17
3151,バイタルケーエスケー・ホールディングス,卸売業,1546.0,1676,4.53,5.0,5,営業利益率／自己資本比率／流動比率／1株配当の推移／営業キャッシュフロー,0,2026-09-29 15:17
3157,ジオリーブグループ,卸売業,1452.0,1643,3.44,4.0,6,配当利回り／営業利益率／自己資本比率／流動比率／EPSの推移／1株配当の推移,0,2026-09-29 15:17
3161,アゼアス,卸売業,669.0,678,3.44,3.5,5,配当利回り／営業利益率／EPSの推移／配当性向／営業キャッシュフロー,0,2026-09-29 15:17
3166,ＯＣＨＩホールディングス,卸売業,1434.0,1597,3.9,5.0,4,営業利益率／自己資本比率／流動比率／EPSの推移,0,2026-09-29 15:17
3173,Ｃｏｍｉｎｉｘ,卸売業,1488.0,1554,3.37,3.5,6,配当利回り／営業利益率／自己資本比率／EPSの推移／1株配当の推移／営業キャッシュフロー,0,2026-09-29 15:17
3179,シュッピン,小売業,1326.0,1362,3.02,6.5,2,配当利回り／営業利益率,0,2026-09-29 15:17
3183,ウイン・パートナーズ,卸売業,1248.0,1510,4.41,7.0,1,営業利益率,0,2026-09-29 15:17
3191,ジョイフル本田,小売業,2273.0,2493,3.7,5.5,2,営業利益率／現金等,0,2026-09-29 15:17
3201,日本毛織,繊維製品,1956.0,2096,3.29,8.0,1,配当利回り,0,2026-09-29 15:17
3205,ダイドーリミテッド,繊維製品,731.0,1370,6.84,3.0,6,営業利益率／自己資本比率／流動比率／EPSの推移／1株配当の推移／営業キャッシュフロー,0,2026-09-29 15:17
3226,三井不動産アコモデーションファンド投資法人,J-REIT市場,114200.0,138300,4.2,5.5,2,流動比率／配当性向,0,2026-09-29 15:17
3231,野村不動産ホールディングス,不動産業,870.7,1162,5.06,8.0,2,自己資本比率／営業キャッシュフロー,1,2026-09-29 15:17
3232,三重交通グループホールディングス,不動産業,575.0,617,3.13,4.5,3,配当利回り／自己資本比率／流動比率,0,2026-09-29 15:17
3234,森ヒルズリート投資法人,J-REIT市場,120800.0,150100,5.12,6.5,2,流動比率／配当性向,0,2026-09-29 15:17
3236,プロパスト,不動産業,279.0,410,3.58,7.0,2,自己資本比率／営業キャッシュフロー,0,2026-09-29 15:17
3241,ウィル,不動産業,596.0,606,3.94,6.0,2,自己資本比率／営業キャッシュフロー,0,2026-09-29 15:17
3242,アーバネットコーポレーション,不動産業,530.0,626,4.53,7.0,3,自己資本比率／1株配当の推移／営業キャッシュフロー,0,2026-09-29 15:17
3245,ディア・ライフ,不動産業,959.0,1186,6.68,7.0,2,1株配当の推移／営業キャッシュフロー,0,2026-09-29 15:17
3246,コーセーアールイー,不動産業,691.0,757,3.47,4.5,4,配当利回り／売上高の推移／1株配当の推移／営業キャッシュフロー,0,2026-09-29 15:17
3248,アールエイジ,不動産業,888.0,912,4.05,5.5,3,自己資本比率／流動比率／売上高の推移,0,2026-09-29 15:17
3249,産業ファンド投資法人,J-REIT市場,132500.0,154200,5.98,6.0,3,流動比率／1株配当の推移／配当性向,0,2026-09-29 15:17
3252,地主,不動産業,2704.0,3415,4.81,7.5,2,自己資本比率／営業キャッシュフロー,0,2026-09-29 15:17
3269,アドバンス・レジデンス投資法人,J-REIT市場,140700.0,172000,4.62,8.0,2,流動比率／配当性向,0,2026-09-29 15:17
3277,サンセイランディック,不動産業,828.0,840,3.2,5.0,3,配当利回り／自己資本比率／営業キャッシュフロー,0,2026-09-29 15:17
3279,アクティビア・プロパティーズ投資法人,J-REIT市場,128300.0,149400,5.05,5.0,3,流動比率／1株配当の推移／配当性向,0,2026-09-29 15:17
3280,エストラスト,不動産業,938.0,1183,3.63,5.0,3,自己資本比率／流動比率／営業キャッシュフロー,0,2026-09-29 15:17
3281,ＧＬＰ投資法人,J-REIT市場,131300.0,148900,5.35,7.5,2,流動比率／配当性向,0,2026-09-29 15:17
3282,コンフォリア・レジデンシャル投資法人,J-REIT市場,94500.0,112300,4.49,6.5,2,流動比率／配当性向,0,2026-09-29 15:17
3283,日本プロロジスリート投資法人,J-REIT市場,82900.0,94100,4.69,7.0,3,流動比率／配当性向／現金等,0,2026-09-29 15:17
3284,フージャースホールディングス,不動産業,1231.0,1337,6.17,6.5,3,自己資本比率／1株配当の推移／営業キャッシュフロー,0,2026-09-29 15:17
3287,星野リゾート・リート投資法人,J-REIT市場,232800.0,271100,5.76,7.0,3,流動比率／1株配当の推移／配当性向,0,2026-09-29 15:17
3289,東急不動産ホールディングス,不動産業,1222.5,1570,4.08,9.0,1,自己資本比率,0,2026-09-29 15:17
3290,Ｏｎｅリート投資法人,J-REIT市場,75000.0,91500,6.51,6.0,3,流動比率／1株配当の推移／配当性向,0,2026-09-29 15:17
3291,飯田グループホールディングス,不動産業,2155.0,2781,4.27,7.0,2,営業利益率／営業キャッシュフロー,0,2026-09-29 15:17
3292,イオンリート投資法人,J-REIT市場,111200.0,137300,5.76,7.0,2,流動比率／1株配当の推移,0,2026-09-29 15:17
3293,アズマハウス,不動産業,753.0,798,4.63,6.0,2,売上高の推移／1株配当の推移,0,2026-09-29 15:17
3295,ヒューリックリート投資法人,J-REIT市場,144300.0,177200,5.58,5.5,4,流動比率／1株配当の推移／配当性向／現金等,0,2026-09-29 15:17
3296,日本リート投資法人,J-REIT市場,79800.0,102400,5.76,6.5,2,流動比率／1株配当の推移,0,2026-09-29 15:17
3297,東武住販,不動産業,1201.0,1317,3.58,6.0,2,1株配当の推移／営業キャッシュフロー,0,2026-09-29 15:17
3299,ムゲンエステート,不動産業,1714.0,2582,6.07,7.0,2,自己資本比率／営業キャッシュフロー,0,2026-09-29 15:17
3309,積水ハウス・リート投資法人,J-REIT市場,69800.0,94100,3.33,5.5,4,配当利回り／流動比率／1株配当の推移／配当性向,0,2026-09-29 15:17
3320,クロスプラス,卸売業,1300.0,1462,4.62,5.5,4,営業利益率／EPSの推移／1株配当の推移／営業キャッシュフロー,0,2026-09-29 15:17
3321,ミタチ産業,卸売業,1878.0,2441,3.72,5.0,3,営業利益率／1株配当の推移／営業キャッシュフロー,0,2026-09-29 15:17
3333,あさひ,小売業,1273.0,1403,3.94,7.0,2,営業利益率／EPSの推移,1,2026-09-29 15:17
3352,バッファロー,小売業,1785.0,1840,3.92,8.5,1,営業利益率,0,2026-09-29 15:17
3353,メディカル一光グループ,小売業,2801.0,3110,4.28,5.5,2,営業利益率／1株配当の推移,0,2026-09-29 15:17
3355,クリヤマホールディングス,卸売業,1830.0,1865,3.34,6.5,3,配当利回り／営業利益率／営業キャッシュフロー,0,2026-09-29 15:17
3375,ＺＯＡ,小売業,1758.0,2032,4.26,6.0,2,営業利益率／営業キャッシュフロー,0,2026-09-29 15:17
3386,コスモ・バイオ,卸売業,1260.0,1423,3.97,6.0,3,営業利益率／EPSの推移／1株配当の推移,0,2026-09-29 15:17
3388,明治電機工業,卸売業,2106.0,2502,4.57,7.0,3,営業利益率／1株配当の推移／営業キャッシュフロー,0,2026-09-29 15:17
3392,デリカフーズホールディングス,卸売業,760.0,952,3.55,3.5,5,営業利益率／自己資本比率／流動比率／EPSの推移／1株配当の推移,0,2026-09-29 15:17
3393,スターティアホールディングス,卸売業,3130.0,3205,4.63,8.5,1,1株配当の推移,0,2026-09-29 15:17
3416,ピクスタ,小売業,885.0,1041,5.09,5.0,3,営業利益率／配当性向／営業キャッシュフロー,0,2026-09-29 15:17
3417,大木ヘルスケアホールディングス,卸売業,995.0,1447,3.02,3.5,6,配当利回り／営業利益率／自己資本比率／流動比率／営業キャッシュフロー／現金等,0,2026-09-29 15:17
3420,ケー・エフ・シー,金属製品,1586.0,1724,4.41,7.0,2,営業利益率／営業キャッシュフロー,0,2026-09-29 15:17
3423,エスイー,金属製品,266.0,324,4.51,3.5,5,営業利益率／EPSの推移／1株配当の推移／配当性向／営業キャッシュフロー,0,2026-09-29 15:17
3431,宮地エンジニアリンググループ,金属製品,1510.0,2022,4.96,6.0,1,営業キャッシュフロー,0,2026-09-29 15:17
3433,トーカロ,金属製品,2843.0,3245,3.38,6.5,2,配当利回り／1株配当の推移,0,2026-09-29 15:17
3434,アルファＣｏ,金属製品,1232.0,1380,4.87,6.5,3,営業利益率／流動比率／EPSの推移,0,2026-09-29 15:17
3437,特殊電極,金属製品,2620.0,3425,3.89,6.5,2,営業利益率／営業キャッシュフロー,0,2026-09-29 15:17
3440,日創グループ,金属製品,864.0,1144,4.86,5.5,3,営業利益率／1株配当の推移／営業キャッシュフロー,0,2026-09-29 15:17
3447,信和,金属製品,967.0,1076,3.72,7.0,2,流動比率／1株配当の推移,0,2026-09-29 15:17
3451,トーセイ・リート投資法人,J-REIT市場,128100.0,148900,5.97,6.5,2,流動比率／配当性向,0,2026-09-29 15:17
3452,ビーロット,不動産業,1433.0,1871,5.59,7.0,2,自己資本比率／営業キャッシュフロー,0,2026-09-29 15:17
3455,ヘルスケア＆メディカル投資法人,J-REIT市場,95400.0,129300,6.93,5.5,3,流動比率／1株配当の推移／配当性向,0,2026-09-29 15:17
3457,Ａｎｄ　Ｄｏホールディングス,不動産業,898.0,1132,5.12,4.0,5,営業利益率／自己資本比率／1株配当の推移／営業キャッシュフロー／現金等,0,2026-09-29 15:17
3459,サムティ・レジデンシャル投資法人,J-REIT市場,84900.0,117100,6.32,6.0,3,流動比率／1株配当の推移／配当性向,0,2026-09-29 15:17
3462,野村不動産マスターファンド投資法人,J-REIT市場,139900.0,173100,4.9,7.5,2,流動比率／配当性向,0,2026-09-29 15:17
3463,いちごホテルリート投資法人,J-REIT市場,107200.0,131700,5.77,6.5,3,流動比率／1株配当の推移／配当性向,0,2026-09-29 15:17
3465,ケイアイスター不動産,不動産業,3140.0,,4.78,5.6,3,営業利益率／自己資本比率／営業キャッシュフロー,0,2026-09-29 15:17
3466,ラサールロジポート投資法人,J-REIT市場,143100.0,158600,2.82,5.5,4,配当利回り／流動比率／1株配当の推移／配当性向,0,2026-09-29 15:17
3467,アグレ都市デザイン,不動産業,2805.0,2997,4.99,6.0,3,自己資本比率／1株配当の推移／営業キャッシュフロー,0,2026-09-29 15:17
3468,スターアジア不動産投資法人,J-REIT市場,54600.0,62500,6.42,6.0,3,流動比率／1株配当の推移／配当性向,0,2026-09-29 15:17
3470,マリモ地方創生リート投資法人,J-REIT市場,96800.0,114900,7.31,6.0,3,流動比率／1株配当の推移／配当性向,0,2026-09-29 15:17
3471,三井不動産ロジスティクスパーク投資法人,J-REIT市場,99500.0,122100,5.27,6.5,3,流動比率／1株配当の推移／配当性向,0,2026-09-29 15:17
3472,日本ホテル＆レジデンシャル投資法人,J-REIT市場,66800.0,81500,2.97,5.0,4,配当利回り／流動比率／1株配当の推移／配当性向,0,2026-09-29 15:17
3475,グッドコムアセット,不動産業,1494.0,,3.09,2.5,5,配当利回り／営業利益率／自己資本比率／EPSの推移／現金等,0,2026-09-29 15:17
3476,投資法人みらい,J-REIT市場,40700.0,50600,6.49,6.0,3,流動比率／1株配当の推移／配当性向,0,2026-09-29 15:17
3481,三菱地所物流リート投資法人,J-REIT市場,111100.0,132900,5.35,8.0,2,流動比率／配当性向,0,2026-09-29 15:17
3482,ロードスターキャピタル,不動産業,2528.0,,3.88,9.0,0,,0,2026-09-29 15:17
3486,グローバル・リンク・マネジメント,不動産業,2004.0,2878,4.98,8.0,2,自己資本比率／営業キャッシュフロー,0,2026-09-29 15:17
3487,ＣＲＥロジスティクスファンド投資法人,J-REIT市場,134700.0,168600,5.65,5.0,3,流動比率／1株配当の推移／配当性向,0,2026-09-29 15:17
3488,セントラル・リート投資法人,J-REIT市場,104900.0,120400,6.38,4.5,4,流動比率／1株配当の推移／配当性向／現金等,0,2026-09-29 15:17
3489,フェイスネットワーク,不動産業,759.0,959,5.91,8.0,2,自己資本比率／営業キャッシュフロー,0,2026-09-29 15:17
3492,ＭＩＲＡＲＴＨ不動産投資法人,J-REIT市場,78400.0,94600,7.01,5.0,4,流動比率／EPSの推移／1株配当の推移／配当性向,0,2026-09-29 15:17
3501,ＳＵＭＩＮＯＥ,繊維製品,1176.0,1439,3.58,3.5,6,営業利益率／自己資本比率／流動比率／EPSの推移／1株配当の推移／配当性向,0,2026-09-29 15:17
3521,テルマー湯ホールディングス,サービス業,157.0,178,3.18,6.7,3,配当利回り／配当性向／営業キャッシュフロー,0,2026-09-29 15:17
3524,日東製網,繊維製品,1481.0,1637,3.36,4.5,5,配当利回り／営業利益率／自己資本比率／流動比率／営業キャッシュフロー,0,2026-09-29 15:17
3538,ウイルプラスホールディングス,小売業,1030.0,1070,5.22,4.5,5,営業利益率／自己資本比率／流動比率／1株配当の推移／営業キャッシュフロー,0,2026-09-29 15:17
3548,バロックジャパンリミテッド,小売業,658.0,784,5.78,4.0,3,営業利益率／EPSの推移／配当性向,0,2026-09-29 15:17
3580,小松マテーレ,繊維製品,740.0,926,3.78,7.5,1,営業利益率,0,2026-09-29 15:17
3608,ＴＳＩホールディングス,繊維製品,1212.0,1315,5.78,6.5,2,営業利益率／営業キャッシュフロー,0,2026-09-29 15:17
3612,ワールド,繊維製品,1566.0,1651,4.28,5.0,4,営業利益率／自己資本比率／流動比率／EPSの推移,0,2026-09-29 15:17
3632,グリーホールディングス,情報・通信業,421.0,439,5.22,4.5,4,売上高の推移／EPSの推移／1株配当の推移／配当性向,0,2026-09-29 15:17
3636,三菱総合研究所,情報・通信業,4860.0,5180,3.49,5.5,3,配当利回り／営業利益率／EPSの推移,0,2026-09-29 15:17
3649,ファインデックス,情報・通信業,861.0,950,3.13,8.0,1,配当利回り,0,2026-09-29 15:17
3657,ポールトゥウィンホールディングス,情報・通信業,359.0,388,4.46,3.0,6,営業利益率／自己資本比率／流動比率／EPSの推移／1株配当の推移／配当性向,0,2026-09-29 15:17
3668,コロプラ,情報・通信業,430.0,480,4.65,4.5,4,営業利益率／売上高の推移／EPSの推移／1株配当の推移,0,2026-09-29 15:17
3678,メディアドゥ,情報・通信業,1201.0,1908,3.33,5.0,5,配当利回り／営業利益率／自己資本比率／流動比率／EPSの推移,0,2026-09-29 15:17
3679,じげん,情報・通信業,434.0,555,3.11,7.5,2,配当利回り／流動比率,0,2026-09-29 15:17
3696,セレス,情報・通信業,2137.0,2561,8.43,7.0,2,自己資本比率／流動比率,0,2026-09-29 15:17
3708,特種東海製紙,パルプ・紙,2160.0,2216,4.36,6.5,3,営業利益率／1株配当の推移／現金等,0,2026-09-29 15:17
3765,ガンホー・オンライン・エンターテイメント,情報・通信業,2451.0,2706,3.67,3.5,6,営業利益率／売上高の推移／EPSの推移／1株配当の推移／配当性向／営業キャッシュフロー,0,2026-09-29 15:17
3766,システムズ・デザイン,情報・通信業,1540.0,1501,3.9,7.5,2,営業利益率／1株配当の推移,0,2026-09-29 15:17
3771,システムリサーチ,情報・通信業,1887.0,2116,8.48,10.0,0,,0,2026-09-29 15:17
3799,キーウェアソリューションズ,情報・通信業,1103.0,1276,3.63,7.0,2,営業利益率／営業キャッシュフロー,0,2026-09-29 15:17
3800,ユニリタ,情報・通信業,1970.0,1980,3.86,8.0,0,,0,2026-09-29 15:17
3817,ＳＲＡホールディングス,情報・通信業,4730.0,5620,5.07,9.5,0,,1,2026-09-29 15:17
3834,朝日ネット,情報・通信業,595.0,710,4.21,9.0,0,,0,2026-09-29 15:17
3836,アバントグループ,情報・通信業,1201.0,,5.66,10.0,0,,0,2026-09-29 15:17
3837,アドソル日進,情報・通信業,1330.0,1799,3.61,9.0,0,,0,2026-09-29 15:17
3841,ジーダット,情報・通信業,1300.0,1416,3.07,5.5,4,配当利回り／EPSの推移／配当性向／営業キャッシュフロー,0,2026-09-29 15:17
3844,コムチュア,情報・通信業,1294.0,1710,4.01,9.5,0,,1,2026-09-29 15:17
3848,データ・アプリケーション,情報・通信業,820.0,994,4.27,6.5,3,営業利益率／EPSの推移／配当性向,0,2026-09-29 15:17
3854,アイル,情報・通信業,2065.0,2702,3.39,9.0,1,配当利回り,0,2026-09-29 15:17
3861,王子ホールディングス,パルプ・紙,836.1,984,4.31,6.5,2,営業利益率／流動比率,0,2026-09-29 15:17
3877,中越パルプ工業,パルプ・紙,2163.0,2255,5.55,5.0,4,営業利益率／流動比率／1株配当の推移／現金等,0,2026-09-29 15:17
3892,岡山製紙,パルプ・紙,1620.0,1995,3.09,6.5,2,配当利回り／営業キャッシュフロー,0,2026-09-29 15:17
3895,ハビックス,パルプ・紙,443.0,480,3.63,7.0,2,営業利益率／1株配当の推移,0,2026-09-29 15:17
3901,マークラインズ,情報・通信業,1507.0,2067,3.45,8.0,1,配当利回り,1,2026-09-29 15:17
3912,モバイルファクトリー,情報・通信業,1104.0,1250,4.62,8.0,1,EPSの推移,0,2026-09-29 15:17
3916,デジタル・インフォメーション・テクノロジー,情報・通信業,951.0,1308,4.14,9.5,0,,0,2026-09-29 15:17
3918,ＰＣＩホールディングス,情報・通信業,1167.0,1416,6.5,8.5,1,営業利益率,0,2026-09-29 15:17
3921,ネオジャパン,情報・通信業,1624.0,1928,3.32,9.0,1,配当利回り,0,2026-09-29 15:17
3925,ダブルスタンダード,情報・通信業,1293.0,1801,5.41,8.0,0,,0,2026-09-29 15:17
3932,アカツキ,情報・通信業,1243.0,3960,9.63,7.5,1,営業キャッシュフロー,0,2026-09-29 15:17
3933,チエル,情報・通信業,539.0,686,4.27,6.0,3,自己資本比率／流動比率／営業キャッシュフロー,0,2026-09-29 15:17
3934,ベネフィットジャパン,情報・通信業,2328.0,2430,4.17,8.0,1,営業キャッシュフロー,0,2026-09-29 15:17
3941,レンゴー,パルプ・紙,1476.0,1630,3.39,6.0,4,配当利回り／営業利益率／自己資本比率／流動比率,0,2026-09-29 15:17
3943,大石産業,パルプ・紙,1319.0,1486,3.94,7.0,2,営業利益率／EPSの推移,0,2026-09-29 15:17
3945,スーパーバッグ,パルプ・紙,2201.0,2817,5.0,6.0,2,営業利益率／営業キャッシュフロー,0,2026-09-29 15:17
3946,トーモク,パルプ・紙,4375.0,4515,3.88,6.5,2,営業利益率／流動比率,0,2026-09-29 15:17
3947,ダイナパック,パルプ・紙,2505.0,2544,3.2,6.5,3,配当利回り／営業利益率／流動比率,0,2026-09-29 15:17
3948,光ビジネスフォーム,パルプ・紙,1180.0,1310,4.24,4.5,4,営業利益率／売上高の推移／EPSの推移／1株配当の推移,0,2026-09-29 15:17
3951,朝日印刷,パルプ・紙,889.0,911,4.27,5.0,3,営業利益率／1株配当の推移／現金等,0,2026-09-29 15:17
3953,大村紙業,パルプ・紙,805.0,873,3.73,5.0,3,営業利益率／EPSの推移／営業キャッシュフロー,0,2026-09-29 15:17
3955,イムラ,パルプ・紙,865.0,1009,3.47,3.5,6,配当利回り／営業利益率／流動比率／EPSの推移／1株配当の推移／配当性向,0,2026-09-29 15:17
3958,笹徳印刷,パルプ・紙,534.0,585,3.75,6.0,3,営業利益率／流動比率／EPSの推移,0,2026-09-29 15:17
3963,シンクロ・フード,情報・通信業,323.0,707,4.65,6.7,2,EPSの推移／配当性向,0,2026-09-29 15:17
3964,オークネット,情報・通信業,1341.0,1444,3.28,8.0,1,配当利回り,0,2026-09-29 15:17
3965,キャピタル・アセット・プランニング,情報・通信業,863.0,914,3.59,5.5,3,営業利益率／EPSの推移／営業キャッシュフロー,0,2026-09-29 15:17
3970,イノベーション,情報・通信業,836.0,998,4.79,6.0,4,営業利益率／自己資本比率／EPSの推移／配当性向,0,2026-09-29 15:17
3981,ビーグリー,情報・通信業,1218.0,1312,3.68,6.5,1,流動比率,0,2026-09-29 15:17
3986,ビーブレイクシステムズ,情報・通信業,498.0,524,3.23,8.0,1,配当利回り,0,2026-09-29 15:17
4008,住友精化,化学,1463.0,1555,4.79,8.0,0,,1,2026-09-29 15:17
4012,アクシス,情報・通信業,1780.0,1760,3.2,8.5,1,配当利回り,0,2026-09-29 15:17
4023,クレハ,化学,3990.0,4905,5.42,3.0,5,営業利益率／流動比率／売上高の推移／EPSの推移／1株配当の推移,0,2026-09-29 15:17
4026,神島化学工業,ガラス・土石製品,1563.0,1990,3.33,5.0,3,配当利回り／流動比率／現金等,0,2026-09-29 15:17
4027,テイカ,化学,2296.0,2434,3.48,5.5,4,配当利回り／営業利益率／EPSの推移／1株配当の推移,0,2026-09-29 15:17
4028,石原産業,化学,2820.0,3920,4.61,8.0,1,営業キャッシュフロー,0,2026-09-29 15:17
4041,日本曹達,化学,3690.0,4185,4.34,8.0,1,1株配当の推移,0,2026-09-29 15:17
4042,東ソー,化学,2584.0,2927,3.88,6.0,2,1株配当の推移／営業キャッシュフロー,0,2026-09-29 15:17
4043,トクヤマ,化学,3990.0,5107,3.61,4.5,3,1株配当の推移／営業キャッシュフロー／現金等,0,2026-09-29 15:17
4044,セントラル硝子,化学,4415.0,4565,3.84,5.5,4,営業利益率／売上高の推移／EPSの推移／1株配当の推移,0,2026-09-29 15:17
4045,東亞合成,化学,1805.0,1922,3.99,8.0,1,現金等,0,2026-09-29 15:17
4064,日本カーバイド工業,化学,3605.0,3590,3.72,8.0,1,1株配当の推移,0,2026-09-29 15:17
4072,電算システムホールディングス,情報・通信業,3215.0,3870,3.11,5.5,4,配当利回り／営業利益率／自己資本比率／流動比率,0,2026-09-29 15:17
4078,堺化学工業,化学,3625.0,4940,4.42,6.0,3,EPSの推移／1株配当の推移／配当性向,0,2026-09-29 15:17
4092,日本化学工業,化学,5390.0,,4.46,10.0,0,,0,2026-09-29 15:17
4093,東邦アセチレン,化学,430.0,465,4.19,8.0,1,営業利益率,0,2026-09-29 15:17
4094,日本化学産業,化学,2197.0,2747,4.09,9.5,0,,0,2026-09-29 15:17
4097,高圧ガス工業,化学,1196.0,1242,3.34,7.5,2,配当利回り／営業利益率,1,2026-09-29 15:17
4109,ステラ　ケミファ,化学,5230.0,6990,3.44,7.0,2,配当利回り／1株配当の推移,0,2026-09-29 15:17
4114,日本触媒,化学,2482.5,2674,5.65,6.0,3,営業利益率／1株配当の推移／配当性向,0,2026-09-29 15:17
4116,大日精化工業,化学,1310.0,1387,3.61,7.0,2,営業利益率／1株配当の推移,0,2026-09-29 15:17
4118,カネカ,化学,5968.0,6235,3.52,7.5,1,営業利益率,0,2026-09-29 15:17
4151,協和キリン,医薬品,2250.5,2885,3.11,8.5,1,配当利回り,0,2026-09-29 15:17
4172,Ｈｉクラテス,情報・通信業,2326.0,2435,3.78,9.0,0,,0,2026-09-29 15:17
4183,三井化学,化学,2030.0,2380,3.7,4.0,4,営業利益率／売上高の推移／EPSの推移／配当性向,0,2026-09-29 15:17
4189,ＫＨネオケム,化学,3305.0,3470,4.54,7.5,1,流動比率,0,2026-09-29 15:17
4197,アスマーク,情報・通信業,2390.0,2498,3.27,6.1,3,配当利回り／営業利益率／配当性向,0,2026-09-29 15:17
4198,テンダ,情報・通信業,512.0,706,4.3,7.5,1,営業利益率,0,2026-09-29 15:17
4202,ダイセル,化学,1383.0,1640,5.06,6.5,1,配当性向,0,2026-09-29 15:17
4204,積水化学工業,化学,2496.0,3049,3.29,7.5,1,配当利回り,0,2026-09-29 15:17
4205,日本ゼオン,化学,2399.0,2515,3.3,7.5,1,配当利回り,0,2026-09-29 15:17
4206,アイカ工業,化学,4185.0,4367,3.44,8.0,1,配当利回り,1,2026-09-29 15:17
4208,ＵＢＥ,化学,3305.0,3570,4.84,5.0,4,営業利益率／売上高の推移／EPSの推移／1株配当の推移,0,2026-09-29 15:17
4220,リケンテクノス,化学,2326.0,2610,3.64,8.5,0,,0,2026-09-29 15:17
4221,大倉工業,化学,5560.0,5740,4.68,8.0,0,,0,2026-09-29 15:17
4224,ロンシール工業,化学,2123.0,2300,4.01,8.0,2,営業利益率／1株配当の推移,0,2026-09-29 15:17
4231,タイガースポリマー,化学,1018.0,1293,3.73,7.0,2,営業利益率／1株配当の推移,0,2026-09-29 15:17
4235,ウルトラファブリックス・ホールディングス,化学,670.0,800,5.23,4.0,5,流動比率／EPSの推移／1株配当の推移／配当性向／現金等,0,2026-09-29 15:17
4242,タカギセイコー,化学,1753.0,1992,3.43,1.5,7,配当利回り／営業利益率／自己資本比率／流動比率／売上高の推移／EPSの推移／1株配当の推移,0,2026-09-29 15:17
4245,ダイキアクシス,化学,719.0,774,3.34,4.5,5,配当利回り／営業利益率／自己資本比率／流動比率／1株配当の推移,0,2026-09-29 15:17
4246,ダイキョーニシカワ,化学,1063.0,1145,5.46,7.5,2,営業利益率／1株配当の推移,0,2026-09-29 15:17
4247,ポバール興業,化学,1424.0,1472,2.95,7.5,1,配当利回り,0,2026-09-29 15:17
4248,竹本容器,化学,881.0,893,4.31,6.5,1,営業利益率,0,2026-09-29 15:17
4249,森六,化学,2821.0,2951,4.43,4.0,4,営業利益率／流動比率／EPSの推移／1株配当の推移,0,2026-09-29 15:17
4251,恵和,化学,1186.0,1373,4.21,6.5,2,EPSの推移／1株配当の推移,0,2026-09-29 15:17
4272,日本化薬,化学,2060.0,2132,3.2,7.5,2,配当利回り／1株配当の推移,0,2026-09-29 15:17
4284,ソルクシーズ,情報・通信業,454.0,529,3.09,7.5,1,配当利回り,0,2026-09-29 15:17
4290,プレステージ・インターナショナル,サービス業,684.0,728,4.09,9.0,0,,1,2026-09-29 15:17
4293,セプテーニ・ホールディングス,サービス業,501.0,567,3.59,5.5,3,EPSの推移／1株配当の推移／配当性向,0,2026-09-29 15:17
4299,ハイマックス,情報・通信業,1208.0,1313,3.81,8.0,1,EPSの推移,0,2026-09-29 15:17
4301,アミューズ,サービス業,1848.0,2100,3.47,5.5,3,配当利回り／1株配当の推移／営業キャッシュフロー,0,2026-09-29 15:17
4310,ドリームインキュベータ,サービス業,2537.0,3085,5.4,5.0,4,EPSの推移／1株配当の推移／営業キャッシュフロー／現金等,0,2026-09-29 15:17
4318,クイック,サービス業,835.0,941,4.55,8.0,1,1株配当の推移,0,2026-09-29 15:17
4331,テイクアンドギヴ・ニーズ,サービス業,740.0,847,5.39,3.5,5,営業利益率／自己資本比率／流動比率／1株配当の推移／現金等,0,2026-09-29 15:17
4335,ＩＰＳホールディングス,情報・通信業,1078.0,1258,3.52,8.0,1,営業キャッシュフロー,0,2026-09-29 15:17
4341,西菱電機,サービス業,908.0,972,3.32,4.0,5,配当利回り／営業利益率／EPSの推移／1株配当の推移／営業キャッシュフロー,0,2026-09-29 15:17
4345,シーティーエス,サービス業,832.0,1048,3.61,9.0,0,,0,2026-09-29 15:17
4347,ブロードメディア,サービス業,1893.0,2199,3.42,5.0,3,配当利回り／営業利益率／EPSの推移,0,2026-09-29 15:17
4361,川口化学工業,化学,1629.0,1630,3.68,5.0,4,営業利益率／自己資本比率／流動比率／営業キャッシュフロー,0,2026-09-29 15:17
4362,日本精化,化学,2608.0,2854,3.99,9.0,1,売上高の推移,0,2026-09-29 15:17
4386,ＳＩＧグループ,情報・通信業,899.0,1000,3.79,7.5,2,営業利益率／1株配当の推移,0,2026-09-29 15:17
4396,システムサポートホールディングス,情報・通信業,1334.0,1700,3.14,7.0,1,配当利回り,0,2026-09-29 15:17
4404,ミヨシ油脂,食料品,2191.0,2492,3.2,5.0,4,配当利回り／営業利益率／EPSの推移／営業キャッシュフロー,0,2026-09-29 15:17
4409,東邦化学工業,化学,885.0,826,2.82,5.5,3,配当利回り／営業利益率／自己資本比率,0,2026-09-29 15:17
4410,ハリマ化成グループ,化学,1115.0,1158,3.77,4.5,5,営業利益率／自己資本比率／流動比率／EPSの推移／営業キャッシュフロー,0,2026-09-29 15:17
4430,東海ソフト,情報・通信業,1718.0,1936,3.9,9.5,0,,0,2026-09-29 15:17
4432,ウイングアーク１ｓｔ,情報・通信業,3310.0,3635,3.26,7.5,2,配当利回り／流動比率,0,2026-09-29 15:17
4433,ヒト・コミュニケーションズ・ホールディングス,サービス業,849.0,1095,4.42,4.5,3,営業利益率／EPSの推移／配当性向,0,2026-09-29 15:17
4463,日華化学,化学,1963.0,2050,3.55,6.0,2,営業利益率／1株配当の推移,0,2026-09-29 15:17
4465,ニイタカ,化学,2416.0,2650,3.47,8.0,1,配当利回り,0,2026-09-29 15:17
4481,ベース,情報・通信業,3195.0,3620,3.94,9.5,0,,0,2026-09-29 15:17
4492,ゼネテック,情報・通信業,390.0,484,5.64,5.0,4,自己資本比率／流動比率／1株配当の推移／営業キャッシュフロー,0,2026-09-29 15:17
4502,武田薬品工業,医薬品,5733.0,5969,3.56,6.0,3,流動比率／EPSの推移／配当性向,0,2026-09-29 15:17
4503,アステラス製薬,医薬品,2286.0,2602,3.49,7.5,2,配当利回り／流動比率,0,2026-09-29 15:17
4516,日本新薬,医薬品,3394.0,5650,3.65,8.5,0,,0,2026-09-29 15:17
4521,科研製薬,医薬品,3815.0,4435,4.98,4.5,5,営業利益率／1株配当の推移／配当性向／営業キャッシュフロー／現金等,0,2026-09-29 15:17
4523,エーザイ,医薬品,4787.0,5241,3.35,4.5,5,配当利回り／営業利益率／EPSの推移／配当性向／営業キャッシュフロー,0,2026-09-29 15:17
4526,理研ビタミン,食料品,3155.0,3415,3.48,8.0,1,配当利回り,0,2026-09-29 15:17
4528,小野薬品工業,医薬品,2332.5,2674,3.44,7.0,1,配当利回り,0,2026-09-29 15:17
4538,扶桑薬品工業,医薬品,2199.0,2518,4.09,3.0,7,営業利益率／自己資本比率／流動比率／EPSの推移／1株配当の推移／営業キャッシュフロー／現金等,0,2026-09-29 15:17
4539,日本ケミファ,医薬品,1562.0,1780,3.2,2.0,8,配当利回り／営業利益率／自己資本比率／EPSの推移／1株配当の推移／配当性向／営業キャッシュフロー／現金等,0,2026-09-29 15:17
4540,ツムラ,医薬品,3789.0,4190,4.17,9.0,0,,1,2026-09-29 15:17
4544,Ｈ．Ｕ．グループホールディングス,サービス業,3471.0,3760,3.6,4.0,4,営業利益率／EPSの推移／1株配当の推移／配当性向,0,2026-09-29 15:17
4547,キッセイ薬品工業,医薬品,3750.0,5010,3.47,7.0,3,配当利回り／営業利益率／営業キャッシュフロー,0,2026-09-29 15:17
4548,生化学工業,医薬品,596.0,786,3.34,3.5,6,配当利回り／営業利益率／1株配当の推移／配当性向／営業キャッシュフロー／現金等,0,2026-09-29 15:17
4552,ＪＣＲファーマ,医薬品,498.0,783,4.01,3.5,6,営業利益率／流動比率／EPSの推移／1株配当の推移／配当性向／営業キャッシュフロー,0,2026-09-29 15:17
4568,第一三共,医薬品,2776.0,3864,3.6,7.5,0,,0,2026-09-29 15:17
4577,ダイト,医薬品,1321.0,1470,3.4,6.0,3,配当利回り／EPSの推移／現金等,0,2026-09-29 15:17
4595,ミズホメディー,医薬品,1729.0,1926,5.78,6.5,2,EPSの推移／1株配当の推移,0,2026-09-29 15:17
4611,大日本塗料,化学,1548.0,1612,3.74,5.5,3,営業利益率／流動比率／配当性向,0,2026-09-29 15:17
4613,関西ペイント,化学,2769.0,2882,4.19,6.5,1,自己資本比率,0,2026-09-29 15:17
4619,日本特殊塗料,化学,2618.0,2718,5.74,8.5,1,営業利益率,0,2026-09-29 15:17
4623,アサヒペン,化学,1840.0,1894,3.26,6.0,3,配当利回り／営業利益率／1株配当の推移,0,2026-09-29 15:17
4631,ＤＩＣ,化学,4802.0,5039,3.33,3.5,5,配当利回り／営業利益率／自己資本比率／EPSの推移／1株配当の推移,0,2026-09-29 15:17
4633,サカタインクス,化学,2632.0,2687,3.8,8.5,1,営業利益率,0,2026-09-29 15:17
4635,東京インキ,化学,2002.0,2135,4.73,7.0,2,営業利益率／営業キャッシュフロー,0,2026-09-29 15:17
4641,アルプス技研,サービス業,872.0,931,4.13,8.5,0,,1,2026-09-29 15:17
4644,イマジニア,情報・通信業,1028.0,1100,5.83,4.5,5,営業利益率／売上高の推移／1株配当の推移／営業キャッシュフロー／現金等,0,2026-09-29 15:17
4658,日本空調サービス,サービス業,1580.0,1698,3.61,7.0,1,営業利益率,0,2026-09-29 15:17
4662,フォーカスシステムズ,情報・通信業,1598.0,1835,4.26,8.5,1,1株配当の推移,0,2026-09-29 15:17
4665,ダスキン,サービス業,4650.0,4772,3.22,6.0,3,配当利回り／営業利益率／1株配当の推移,0,2026-09-29 15:17
4668,明光ネットワークジャパン,サービス業,754.0,778,3.98,7.5,2,営業利益率／1株配当の推移,0,2026-09-29 15:17
4671,ファルコホールディングス,サービス業,2715.0,2920,4.71,6.5,1,営業利益率,0,2026-09-29 15:17
4674,クレスコ,情報・通信業,1846.0,2058,3.8,9.5,0,,1,2026-09-29 15:17
4676,フジ・メディア・ホールディングス,情報・通信業,3895.0,4198,5.14,2.5,7,営業利益率／自己資本比率／流動比率／EPSの推移／1株配当の推移／配当性向／営業キャッシュフロー,0,2026-09-29 15:17
4679,田谷,サービス業,263.0,388,8.36,1.7,7,営業利益率／自己資本比率／流動比率／売上高の推移／EPSの推移／1株配当の推移／営業キャッシュフロー,0,2026-09-29 15:17
4685,菱友システムズ,情報・通信業,2711.0,4110,3.69,7.5,2,1株配当の推移／営業キャッシュフロー,0,2026-09-29 15:17
4687,ＴＤＣソフト,情報・通信業,1067.0,1384,3.19,8.0,1,配当利回り,0,2026-09-29 15:17
4694,ビー・エム・エル,サービス業,3620.0,4355,3.44,5.0,3,配当利回り／営業利益率／1株配当の推移,0,2026-09-29 15:17
4705,クリップコーポレーション,サービス業,780.0,888,5.13,4.5,4,営業利益率／EPSの推移／配当性向／営業キャッシュフロー,0,2026-09-29 15:17
4709,ＩＤホールディングス,情報・通信業,1088.0,1162,4.6,9.5,0,,0,2026-09-29 15:17
4714,リソー教育グループ,サービス業,207.0,225,4.82,6.5,2,1株配当の推移／配当性向,0,2026-09-29 15:17
4718,早稲田アカデミー,サービス業,2500.0,2755,3.61,9.0,0,,0,2026-09-29 15:17
4719,アルファシステムズ,情報・通信業,3250.0,4155,4.31,8.0,1,1株配当の推移,0,2026-09-29 15:17
4725,ＣＡＣ　Ｈｏｌｄｉｎｇｓ,情報・通信業,1918.0,2180,5.21,7.5,1,営業利益率,0,2026-09-29 15:17
4728,トーセ,情報・通信業,649.0,680,3.85,7.0,2,EPSの推移／営業キャッシュフロー,0,2026-09-29 15:17
4732,ユー・エス・エス,サービス業,1796.0,2018,3.14,8.5,1,配当利回り,0,2026-09-29 15:17
4743,アイティフォー,情報・通信業,1614.0,1742,4.95,8.5,1,1株配当の推移,0,2026-09-29 15:17
4746,東計電算,情報・通信業,1956.0,7250,10.02,8.0,1,流動比率,1,2026-09-29 15:17
4750,ダイサン,サービス業,561.0,615,3.91,5.0,4,営業利益率／EPSの推移／1株配当の推移／営業キャッシュフロー,0,2026-09-29 15:17
4752,昭和システムエンジニアリング,情報・通信業,1605.0,1750,3.8,9.5,0,,0,2026-09-29 15:17
4760,アルファ,サービス業,1187.0,1940,5.9,3.5,6,営業利益率／自己資本比率／流動比率／EPSの推移／1株配当の推移／営業キャッシュフロー,0,2026-09-29 15:17
4761,さくらケーシーエス,情報・通信業,1482.0,1509,4.19,6.5,2,営業利益率／現金等,0,2026-09-29 15:17
4763,クリーク・アンド・リバー社,サービス業,1520.0,1545,3.29,5.5,2,配当利回り／流動比率,0,2026-09-29 15:17
4765,ＳＢＩグローバルアセットマネジメント,サービス業,612.0,648,3.8,8.0,1,配当性向,0,2026-09-29 15:17
4767,テー・オー・ダブリュー,サービス業,388.0,395,4.83,6.5,2,1株配当の推移／営業キャッシュフロー,0,2026-09-29 15:17
4769,ＩＣ,情報・通信業,1149.0,1150,3.48,6.0,2,配当利回り／営業利益率,0,2026-09-29 15:17
4783,ＮＣＤ,情報・通信業,2501.0,3455,4.8,8.5,0,,0,2026-09-29 15:17
4792,山田コンサルティンググループ,サービス業,1712.0,1860,4.49,7.5,2,1株配当の推移／営業キャッシュフロー,0,2026-09-29 15:17
4809,パラカ,不動産業,1981.0,2058,3.65,7.5,1,流動比率,0,2026-09-29 15:17
4820,イーエムシステムズ,情報・通信業,587.0,834,3.92,7.5,1,配当性向,0,2026-09-29 15:17
4826,ＣＩＪ,情報・通信業,538.0,552,4.09,8.0,0,,0,2026-09-29 15:17
4828,ビジネスエンジニアリング,情報・通信業,1349.0,1705,3.1,8.0,1,配当利回り,0,2026-09-29 15:17
4832,ＪＦＥシステムズ,情報・通信業,1927.0,2401,3.63,8.0,0,,0,2026-09-29 15:17
4838,スペースシャワーＳＫＩＹＡＫＩホールディングス,情報・通信業,698.0,931,4.31,7.0,1,流動比率,0,2026-09-29 15:17
4839,ＷＯＷＯＷ,情報・通信業,977.0,1471,3.07,5.5,4,配当利回り／営業利益率／EPSの推移／1株配当の推移,0,2026-09-29 15:17
4845,スカラ,情報・通信業,347.0,413,5.18,3.0,5,営業利益率／自己資本比率／EPSの推移／1株配当の推移／配当性向,0,2026-09-29 15:17
4848,フルキャストホールディングス,サービス業,1827.0,1888,3.5,7.5,1,EPSの推移,0,2026-09-29 15:17
4886,あすか製薬ホールディングス,医薬品,2050.0,2930,3.21,8.0,1,配当利回り,0,2026-09-29 15:17
4887,サワイグループホールディングス,医薬品,1630.5,2370,3.43,6.0,1,配当利回り,0,2026-09-29 15:17
4914,高砂香料工業,化学,1278.0,1618,4.07,6.5,1,営業利益率,0,2026-09-29 15:17
4918,アイビー化粧品,化学,295.0,416,5.08,6.0,3,売上高の推移／EPSの推移／1株配当の推移,0,2026-09-29 15:17
4927,ポーラ・オルビスホールディングス,化学,1365.5,1400,3.81,6.5,2,1株配当の推移／配当性向,0,2026-09-29 15:17
4928,ノエビアホールディングス,化学,4490.0,4970,5.13,8.5,1,配当性向,0,2026-09-29 15:17
4932,アルマード,化学,803.0,1144,5.23,5.5,2,営業利益率／営業キャッシュフロー,0,2026-09-29 15:17
4936,アクシージア,化学,300.0,459,3.34,5.0,4,配当利回り／EPSの推移／1株配当の推移／配当性向,0,2026-09-29 15:17
4958,長谷川香料,化学,3335.0,3480,3.01,8.5,1,配当利回り,1,2026-09-29 15:17
4973,日本高純度化学,化学,4810.0,5770,4.78,7.0,2,営業利益率／営業キャッシュフロー,0,2026-09-29 15:17
4977,新田ゼラチン,化学,1181.0,1473,3.38,5.5,3,配当利回り／EPSの推移／営業キャッシュフロー,0,2026-09-29 15:17
4996,クミアイ化学工業,化学,671.0,827,3.59,5.0,4,営業利益率／EPSの推移／1株配当の推移／営業キャッシュフロー,0,2026-09-29 15:17
4997,日本農薬,化学,1114.0,1278,4.32,8.0,1,営業キャッシュフロー,0,2026-09-29 15:17
5011,ニチレキグループ,石油・石炭製品,2256.0,2644,3.99,6.0,1,EPSの推移,0,2026-09-29 15:17
5013,ユシロ,石油・石炭製品,3055.0,3320,3.99,8.5,1,1株配当の推移,0,2026-09-29 15:17
5015,ビーピー・カストロール,石油・石炭製品,997.0,1020,5.02,7.5,2,1株配当の推移／配当性向,0,2026-09-29 15:17
5021,コスモエネルギーホールディングス,石油・石炭製品,4252.0,4817,3.88,6.5,3,営業利益率／自己資本比率／流動比率,0,2026-09-29 15:17
5036,日本ビジネスシステムズ,情報・通信業,1555.0,1831,3.61,5.0,4,自己資本比率／流動比率／営業キャッシュフロー／現金等,0,2026-09-29 15:17
5071,ヴィス,サービス業,1373.0,1663,4.3,9.5,0,,0,2026-09-29 15:17
5076,インフロニア・ホールディングス,建設業,2736.0,2897,4.83,6.0,4,営業利益率／自己資本比率／流動比率／1株配当の推移,0,2026-09-29 15:17
5078,セレコーポレーション,建設業,4700.0,6120,3.4,7.0,2,配当利回り／営業キャッシュフロー,0,2026-09-29 15:17
5079,ノバック,建設業,2597.0,2909,4.62,5.0,4,営業利益率／1株配当の推移／営業キャッシュフロー／現金等,0,2026-09-29 15:17
5101,横浜ゴム,ゴム製品,6801.0,7882,3.29,8.0,1,配当利回り,0,2026-09-29 15:17
5105,ＴＯＹＯ　ＴＩＲＥ,ゴム製品,3800.0,4827,3.69,9.5,0,,0,2026-09-29 15:17
5108,ブリヂストン,ゴム製品,3813.0,4145,3.41,7.0,1,配当利回り,1,2026-09-29 15:17
5110,住友ゴム工業,ゴム製品,1997.0,2782,4.21,6.5,2,営業利益率／1株配当の推移,0,2026-09-29 15:17
5161,西川ゴム工業,ゴム製品,3455.0,4545,5.33,8.5,0,,0,2026-09-29 15:17
5162,朝日ラバー,ゴム製品,788.0,849,3.05,5.5,4,配当利回り／営業利益率／EPSの推移／1株配当の推移,0,2026-09-29 15:17
5184,ニチリン,ゴム製品,4155.0,4375,4.59,9.5,0,,0,2026-09-29 15:17
5185,フコク,ゴム製品,1973.0,2061,5.07,6.5,2,営業利益率／配当性向,0,2026-09-29 15:17
5187,クリエートメディック,精密機器,1158.0,1222,4.06,8.5,0,,0,2026-09-29 15:17
5189,櫻護謨,ゴム製品,3465.0,3495,3.46,4.5,4,配当利回り／EPSの推移／1株配当の推移／営業キャッシュフロー,0,2026-09-29 15:17
5192,三ツ星ベルト,ゴム製品,4160.0,4450,4.64,7.5,1,1株配当の推移,0,2026-09-29 15:17
5195,バンドー化学,ゴム製品,2486.0,2527,4.03,9.0,0,,0,2026-09-29 15:17
5199,不二ラテックス,ゴム製品,1990.0,2126,4.17,3.0,6,営業利益率／自己資本比率／流動比率／売上高の推移／EPSの推移／配当性向,0,2026-09-29 15:17
5201,ＡＧＣ,ガラス・土石製品,5601.0,6965,3.75,5.5,4,営業利益率／流動比率／EPSの推移／現金等,0,2026-09-29 15:17
5208,有沢製作所,化学,2676.0,2785,4.11,7.0,2,1株配当の推移／配当性向,0,2026-09-29 15:17
5210,日本山村硝子,ガラス・土石製品,2796.0,3490,5.36,7.0,3,営業利益率／EPSの推移／1株配当の推移,0,2026-09-29 15:17
5214,日本電気硝子,ガラス・土石製品,4852.0,8145,3.3,6.0,3,配当利回り／EPSの推移／営業キャッシュフロー,0,2026-09-29 15:17
5237,ノザワ,ガラス・土石製品,1230.0,1248,3.5,6.0,2,1株配当の推移／配当性向,0,2026-09-29 15:17
5257,ノバシステム,情報・通信業,2825.0,2925,3.73,7.2,1,営業利益率,0,2026-09-29 15:17
5271,トーヨーアサノ,ガラス・土石製品,2240.0,2425,3.8,2.5,7,営業利益率／自己資本比率／流動比率／売上高の推移／EPSの推移／1株配当の推移／営業キャッシュフロー,0,2026-09-29 15:17
5279,日本興業,ガラス・土石製品,1216.0,1495,3.71,6.0,2,営業利益率／流動比率,0,2026-09-29 15:17
5280,ヨシコン,不動産業,2168.0,2910,4.15,8.0,1,営業キャッシュフロー,0,2026-09-29 15:17
5284,ヤマウホールディングス,ガラス・土石製品,2218.0,2503,5.05,8.5,0,,0,2026-09-29 15:17
5285,ヤマックス,ガラス・土石製品,1331.0,2048,4.5,9.0,0,,0,2026-09-29 15:17
5288,アジアパイルホールディングス,ガラス・土石製品,1446.0,1600,4.85,6.5,1,1株配当の推移,0,2026-09-29 15:17
5290,ベルテクスコーポレーション,ガラス・土石製品,1268.0,1976,3.15,8.0,1,配当利回り,0,2026-09-29 15:17
5302,日本カーボン,ガラス・土石製品,5040.0,5240,3.97,8.5,1,現金等,0,2026-09-29 15:17
5304,ＳＥＣカーボン,ガラス・土石製品,2452.0,2999,4.07,6.0,3,売上高の推移／EPSの推移／1株配当の推移,0,2026-09-29 15:17
5331,ノリタケ,ガラス・土石製品,3605.0,4080,3.32,7.0,2,配当利回り／営業キャッシュフロー,0,2026-09-29 15:17
5351,品川リフラ,ガラス・土石製品,2013.0,2503,4.77,7.0,1,1株配当の推移,0,2026-09-29 15:17
5355,日本坩堝,ガラス・土石製品,664.0,682,3.02,6.0,3,配当利回り／営業利益率／1株配当の推移,0,2026-09-29 15:17
5357,ヨータイ,ガラス・土石製品,1710.0,2012,5.27,7.0,2,EPSの推移／1株配当の推移,0,2026-09-29 15:17
5388,クニミネ工業,ガラス・土石製品,1396.0,1408,3.58,8.0,1,1株配当の推移,0,2026-09-29 15:17
5401,日本製鉄,鉄鋼,648.8,686,11.09,4.0,5,営業利益率／自己資本比率／EPSの推移／1株配当の推移／現金等,0,2026-09-29 15:17
5406,神戸製鋼所,鉄鋼,2020.0,2275,3.96,6.0,2,営業利益率／1株配当の推移,0,2026-09-29 15:17
5410,合同製鐵,鉄鋼,2884.0,4060,6.24,5.5,4,営業利益率／売上高の推移／EPSの推移／1株配当の推移,0,2026-09-29 15:17
5411,ＪＦＥホールディングス,鉄鋼,1739.0,2200,4.6,4.5,4,営業利益率／売上高の推移／EPSの推移／1株配当の推移,0,2026-09-29 15:17
5440,共英製鋼,鉄鋼,1932.0,2655,3.63,6.0,3,営業利益率／EPSの推移／1株配当の推移,0,2026-09-29 15:17
5444,大和工業,鉄鋼,12120.0,13500,3.3,6.0,3,配当利回り／営業利益率／1株配当の推移,0,2026-09-29 15:17
5445,東京鐵鋼,鉄鋼,2001.0,2137,5.0,6.5,2,EPSの推移／1株配当の推移,0,2026-09-29 15:17
5451,ヨドコウ,鉄鋼,1396.0,1448,4.45,6.5,3,営業利益率／売上高の推移／1株配当の推移,0,2026-09-29 15:17
5461,中部鋼鈑,鉄鋼,2048.0,2427,5.51,3.5,6,営業利益率／売上高の推移／EPSの推移／1株配当の推移／配当性向／営業キャッシュフロー,0,2026-09-29 15:17
5463,丸一鋼管,鉄鋼,1676.5,1876,3.1,7.5,1,配当利回り,0,2026-09-29 15:17
5480,日本冶金工業,鉄鋼,5260.0,5500,4.18,4.5,4,流動比率／売上高の推移／EPSの推移／1株配当の推移,0,2026-09-29 15:17
5535,ミガロホールディングス,不動産業,280.0,631,3.21,5.0,4,配当利回り／営業利益率／自己資本比率／営業キャッシュフロー,0,2026-09-29 15:17
5541,大平洋金属,鉄鋼,2578.0,3815,5.04,4.0,6,営業利益率／売上高の推移／EPSの推移／1株配当の推移／配当性向／営業キャッシュフロー,0,2026-09-29 15:17
5563,新日本電工,鉄鋼,437.0,547,3.89,5.0,4,営業利益率／EPSの推移／1株配当の推移／配当性向,0,2026-09-29 15:17
5602,栗本鐵工所,鉄鋼,1606.0,1847,3.74,5.5,2,営業利益率／営業キャッシュフロー,0,2026-09-29 15:17
5632,三菱製鋼,鉄鋼,2465.0,2593,4.21,3.5,5,営業利益率／自己資本比率／EPSの推移／1株配当の推移／営業キャッシュフロー,0,2026-09-29 15:17
5659,日本精線,鉄鋼,1400.0,1465,3.29,5.0,4,配当利回り／営業利益率／EPSの推移／1株配当の推移,0,2026-09-29 15:17
5702,大紀アルミニウム工業所,非鉄金属,1761.0,1923,5.11,4.5,4,営業利益率／EPSの推移／1株配当の推移／営業キャッシュフロー,0,2026-09-29 15:17
5703,日本軽金属ホールディングス,非鉄金属,2862.0,3165,3.84,7.5,2,営業利益率／1株配当の推移,0,2026-09-29 15:17
5714,ＤＯＷＡホールディングス,非鉄金属,8705.0,11550,3.89,7.0,1,営業利益率,0,2026-09-29 15:17
5741,ＵＡＣＪ,非鉄金属,2106.0,3320,3.32,3.5,6,配当利回り／営業利益率／自己資本比率／流動比率／EPSの推移／1株配当の推移,0,2026-09-29 15:17
5845,全保連,その他金融業,1214.0,1226,3.28,5.0,4,配当利回り／自己資本比率／流動比率／営業キャッシュフロー,0,2026-09-29 15:17
5851,リョービ,非鉄金属,2689.0,3025,4.02,7.0,2,営業利益率／1株配当の推移,0,2026-09-29 15:17
5852,アーレスティ,非鉄金属,647.0,943,7.42,4.5,4,営業利益率／流動比率／EPSの推移／1株配当の推移,0,2026-09-29 15:17
5857,ＡＲＥホールディングス,非鉄金属,3510.0,4555,3.85,6.0,3,営業利益率／自己資本比率／現金等,0,2026-09-29 15:17
5868,ロココ,サービス業,1042.0,1175,3.84,7.0,3,営業利益率／EPSの推移／配当性向,0,2026-09-29 15:17
5869,早稲田学習研究会,サービス業,1262.0,1352,5.15,8.9,0,,0,2026-09-29 15:17
5871,ＳＯＬＩＺＥ　Ｈｏｌｄｉｎｇｓ,サービス業,1343.0,1768,4.09,5.0,4,営業利益率／EPSの推移／配当性向／営業キャッシュフロー,0,2026-09-29 15:17
5889,Ｊａｐａｎ　Ｅｙｅｗｅａｒ　Ｈｏｌｄｉｎｇｓ,小売業,2252.0,2713,3.82,8.3,1,流動比率,0,2026-09-29 15:17
5901,東洋製罐グループホールディングス,金属製品,4361.0,4564,4.27,6.5,3,営業利益率／1株配当の推移／営業キャッシュフロー,0,2026-09-29 15:17
5902,ホッカンホールディングス,金属製品,2669.0,2760,5.24,4.0,4,営業利益率／流動比率／EPSの推移／1株配当の推移,0,2026-09-29 15:17
5911,横河ブリッジホールディングス,金属製品,2925.0,3210,4.44,6.5,1,営業キャッシュフロー,0,2026-09-29 15:17
5923,高田機工,金属製品,1185.0,1310,4.22,3.5,6,営業利益率／売上高の推移／EPSの推移／1株配当の推移／配当性向／営業キャッシュフロー,0,2026-09-29 15:17
5929,三和ホールディングス,金属製品,3439.0,4236,3.84,10.0,0,,0,2026-09-29 15:17
5930,文化シヤッター,金属製品,1843.0,2282,4.02,8.0,2,営業利益率／1株配当の推移,0,2026-09-29 15:17
5932,三協立山,金属製品,655.0,725,3.82,2.5,7,営業利益率／自己資本比率／流動比率／EPSの推移／1株配当の推移／配当性向／営業キャッシュフロー,0,2026-09-29 15:17
5933,アルインコ,金属製品,1089.0,1184,4.23,6.0,1,営業利益率,0,2026-09-29 15:17
5936,東洋シヤッター,金属製品,903.0,993,4.77,6.5,3,営業利益率／1株配当の推移／営業キャッシュフロー,0,2026-09-29 15:17
5938,ＬＩＸＩＬ,金属製品,1674.5,1894,5.38,5.0,5,営業利益率／自己資本比率／流動比率／EPSの推移／配当性向,0,2026-09-29 15:17
5940,不二サッシ,金属製品,745.0,1082,4.02,4.0,4,営業利益率／自己資本比率／流動比率／営業キャッシュフロー,0,2026-09-29 15:17
5941,中西製作所,金属製品,2690.0,2798,3.71,6.5,2,1株配当の推移／営業キャッシュフロー,0,2026-09-29 15:17
5942,日本フイルコン,金属製品,683.0,668,4.09,6.5,3,営業利益率／流動比率／配当性向,0,2026-09-29 15:17
5943,ノーリツ,金属製品,2196.0,2433,4.28,4.0,4,営業利益率／EPSの推移／1株配当の推移／営業キャッシュフロー,0,2026-09-29 15:17
5945,天龍製鋸,金属製品,2300.0,2592,3.61,7.0,1,1株配当の推移,0,2026-09-29 15:17
5947,リンナイ,金属製品,3387.0,4073,3.13,9.0,1,配当利回り,0,2026-09-29 15:17
5949,ユニプレス,輸送用機器,1288.0,1478,5.44,5.5,3,営業利益率／EPSの推移／1株配当の推移,0,2026-09-29 15:17
5957,日東精工,金属製品,763.0,811,3.14,7.0,2,配当利回り／営業利益率,0,2026-09-29 15:17
5958,三洋工業,金属製品,4290.0,5250,5.13,7.5,1,営業利益率,0,2026-09-29 15:17
5959,岡部,金属製品,931.0,1039,3.44,4.0,5,配当利回り／営業利益率／EPSの推移／1株配当の推移／現金等,0,2026-09-29 15:17
5965,フジマック,金属製品,1201.0,1255,3.32,6.0,2,配当利回り／営業利益率,0,2026-09-29 15:17
5970,ジーテクト,金属製品,2219.0,2340,4.41,8.0,1,営業利益率,0,2026-09-29 15:17
5976,高周波熱錬,金属製品,1419.0,1527,5.09,6.0,3,営業利益率／1株配当の推移／配当性向,0,2026-09-29 15:17
5981,東京製綱,金属製品,1855.0,2085,3.78,6.5,1,流動比率,0,2026-09-29 15:17
5982,マルゼン,金属製品,4060.0,4140,3.08,8.5,1,配当利回り,1,2026-09-29 15:17
5988,パイオラックス,金属製品,1663.0,1800,5.53,4.5,4,営業利益率／EPSの推移／1株配当の推移／配当性向,0,2026-09-29 15:17
5989,エイチワン,金属製品,1436.0,1788,4.87,4.5,4,営業利益率／自己資本比率／流動比率／EPSの推移,0,2026-09-29 15:17
5990,スーパーツール,金属製品,1930.0,2008,3.11,2.5,7,配当利回り／営業利益率／売上高の推移／EPSの推移／1株配当の推移／配当性向／営業キャッシュフロー,0,2026-09-29 15:17
5994,ファインシンター,金属製品,987.0,1880,3.04,3.5,6,配当利回り／営業利益率／自己資本比率／流動比率／EPSの推移／1株配当の推移,0,2026-09-29 15:17
6013,タクマ,機械,2930.0,3620,3.68,7.0,1,営業キャッシュフロー,0,2026-09-29 15:17
6035,アイ・アールジャパンホールディングス,サービス業,741.0,840,4.32,8.0,1,1株配当の推移,0,2026-09-29 15:17
6042,ニッキ,輸送用機器,3795.0,4545,3.16,5.5,2,配当利回り／営業キャッシュフロー,0,2026-09-29 15:17
6047,Ｇｕｎｏｓｙ,サービス業,385.0,677,5.71,3.9,5,営業利益率／売上高の推移／EPSの推移／配当性向／営業キャッシュフロー,0,2026-09-29 15:17
6062,チャーム・ケア・コーポレーション,サービス業,1416.0,1456,3.39,5.5,3,配当利回り／自己資本比率／流動比率,0,2026-09-29 15:17
6070,キャリアリンク,サービス業,2570.0,2811,4.67,6.0,3,売上高の推移／EPSの推移／営業キャッシュフロー,0,2026-09-29 15:17
6073,アサンテ,サービス業,1438.0,1647,4.31,6.0,3,営業利益率／EPSの推移／配当性向,0,2026-09-29 15:17
6074,ジェイエスエス,サービス業,506.0,554,4.15,5.5,2,営業利益率／流動比率,0,2026-09-29 15:17
6088,シグマクシス・ホールディングス,サービス業,577.0,924,4.5,9.0,0,,0,2026-09-29 15:17
6089,ウィルグループ,サービス業,1153.0,1295,3.82,5.0,4,営業利益率／自己資本比率／流動比率／EPSの推移,0,2026-09-29 15:17
6091,ウエスコホールディングス,サービス業,977.0,997,3.07,8.0,2,配当利回り／営業利益率,0,2026-09-29 15:17
6093,ミトラグループ,サービス業,161.0,187,3.73,6.0,3,営業利益率／EPSの推移／配当性向,0,2026-09-29 15:17
6118,アイダエンジニアリング,機械,1207.0,1206,3.23,6.5,3,配当利回り／1株配当の推移／営業キャッシュフロー,0,2026-09-29 15:17
6125,岡本工作機械製作所,機械,4865.0,5590,3.29,3.5,6,配当利回り／営業利益率／EPSの推移／1株配当の推移／配当性向／営業キャッシュフロー,0,2026-09-29 15:17
6137,小池酸素工業,機械,1511.0,2323,3.31,6.5,2,配当利回り／1株配当の推移,0,2026-09-29 15:17
6140,旭ダイヤモンド工業,機械,1113.0,1650,3.06,5.0,4,配当利回り／営業利益率／EPSの推移／1株配当の推移,0,2026-09-29 15:17
6141,ＤＭＧ森精機,機械,2890.0,3720,3.62,3.5,5,営業利益率／自己資本比率／流動比率／1株配当の推移／配当性向,0,2026-09-29 15:17
6144,西部電機,機械,2747.0,3195,3.27,7.5,2,配当利回り／1株配当の推移,0,2026-09-29 15:17
6145,ＮＩＴＴＯＫＵ,機械,2655.0,2961,3.08,8.0,1,配当利回り,0,2026-09-29 15:17
6147,ヤマザキ,機械,166.0,333,6.02,2.5,7,営業利益率／自己資本比率／流動比率／売上高の推移／EPSの推移／1株配当の推移／現金等,0,2026-09-29 15:17
6149,小田原エンジニアリング,機械,2205.0,2895,3.18,7.0,2,配当利回り／1株配当の推移,0,2026-09-29 15:17
6156,エーワン精密,機械,1843.0,2025,5.43,6.0,3,売上高の推移／EPSの推移／配当性向,0,2026-09-29 15:17
6157,日進工具,機械,804.0,962,3.73,7.5,0,,0,2026-09-29 15:17
6158,和井田製作所,機械,1009.0,1101,3.56,4.0,5,営業利益率／EPSの推移／1株配当の推移／配当性向／営業キャッシュフロー,0,2026-09-29 15:17
6165,パンチ工業,機械,544.0,555,3.69,5.0,3,営業利益率／EPSの推移／1株配当の推移,0,2026-09-29 15:17
6167,冨士ダイス,機械,1005.0,1322,3.98,6.5,3,営業利益率／EPSの推移／配当性向,0,2026-09-29 15:17
6171,土木管理総合試験所,サービス業,371.0,487,3.24,8.0,1,配当利回り,0,2026-09-29 15:17
6183,ベルシステム２４ホールディングス,サービス業,1323.0,1497,4.54,6.0,1,流動比率,0,2026-09-29 15:17
6184,鎌倉新書,サービス業,590.0,629,3.39,7.5,2,配当利回り／配当性向,0,2026-09-29 15:17
6186,一蔵,サービス業,372.0,390,4.03,4.0,5,営業利益率／自己資本比率／流動比率／EPSの推移／1株配当の推移,0,2026-09-29 15:17
6189,グローバルキッズＣＯＭＰＡＮＹ,サービス業,994.0,1068,4.02,5.0,5,営業利益率／自己資本比率／流動比率／EPSの推移／配当性向,0,2026-09-29 15:17
6194,アトラエ,サービス業,909.0,895,3.41,7.8,1,配当利回り,0,2026-09-29 15:17
6196,ストライクグループ,サービス業,1373.0,1535,4.72,9.5,0,,0,2026-09-29 15:17
6200,インソース,サービス業,663.0,962,4.45,9.5,0,,0,2026-09-29 15:17
6209,リケンＮＰＲ,機械,3880.0,4565,5.42,8.3,0,,0,2026-09-29 15:17
6223,西部技研,機械,1943.0,2538,3.62,8.0,1,EPSの推移,0,2026-09-29 15:17
6229,オーケーエム,機械,1463.0,2131,3.42,7.5,2,配当利回り／営業キャッシュフロー,0,2026-09-29 15:17
6230,ＳＡＮＥＩ,機械,2180.0,2263,3.49,6.5,2,配当利回り／営業利益率,0,2026-09-29 15:17
6240,ヤマシンフィルタ,機械,517.0,762,3.87,8.5,1,1株配当の推移,0,2026-09-29 15:17
6245,ヒラノテクシード,機械,1800.0,2006,4.66,5.0,4,営業利益率／1株配当の推移／配当性向／営業キャッシュフロー,0,2026-09-29 15:17
6246,テクノスマート,機械,1795.0,2083,5.11,7.5,2,1株配当の推移／営業キャッシュフロー,0,2026-09-29 15:17
6247,日阪製作所,機械,1650.0,1824,3.4,6.5,2,配当利回り／営業キャッシュフロー,0,2026-09-29 15:17
6248,横田製作所,機械,1772.0,1977,3.39,9.0,1,配当利回り,0,2026-09-29 15:17
6249,ゲームカードホールディングス,機械,2816.0,3005,3.55,7.5,2,EPSの推移／1株配当の推移,0,2026-09-29 15:17
6257,藤商事,機械,1001.0,1090,4.99,5.0,4,営業利益率／売上高の推移／EPSの推移／営業キャッシュフロー,0,2026-09-29 15:17
6262,ＰＥＧＡＳＵＳ,機械,524.0,879,5.73,5.5,4,営業利益率／EPSの推移／1株配当の推移／配当性向,0,2026-09-29 15:17
6267,ゼネラルパッカー,機械,4110.0,4135,3.89,6.5,1,営業キャッシュフロー,0,2026-09-29 15:17
6272,レオン自動機,機械,1493.0,1620,4.02,9.0,0,,0,2026-09-29 15:17
6282,オイレス工業,機械,2865.0,2991,3.32,8.5,1,配当利回り,0,2026-09-29 15:17
6291,日本エアーテック,機械,1321.0,1374,4.17,5.5,3,EPSの推移／営業キャッシュフロー／現金等,0,2026-09-29 15:17
6292,カワタ,機械,843.0,866,4.51,5.0,4,営業利益率／EPSの推移／1株配当の推移／営業キャッシュフロー,0,2026-09-29 15:17
6294,オカダアイヨン,機械,1926.0,2533,3.95,7.0,2,流動比率／営業キャッシュフロー,0,2026-09-29 15:17
6298,ワイエイシイホールディングス,機械,1233.0,1392,3.73,5.0,3,営業利益率／自己資本比率／営業キャッシュフロー,0,2026-09-29 15:17
6305,日立建機,機械,5512.0,7027,3.45,4.5,3,配当利回り／1株配当の推移／営業キャッシュフロー,0,2026-09-29 15:17
6306,日工,機械,996.0,1020,4.22,6.5,2,営業利益率／営業キャッシュフロー,0,2026-09-29 15:17
6307,サンセイ,機械,477.0,738,3.15,7.0,2,配当利回り／営業キャッシュフロー,0,2026-09-29 15:17
6309,巴工業,機械,1961.0,2233,3.87,8.0,1,営業キャッシュフロー,0,2026-09-29 15:17
6317,北川鉄工所,機械,2540.0,2535,4.72,5.5,3,営業利益率／EPSの推移／1株配当の推移,0,2026-09-29 15:17
6322,タクミナ,機械,1602.0,1629,3.37,7.5,2,配当利回り／1株配当の推移,0,2026-09-29 15:17
6328,荏原実業,機械,2427.0,2960,3.09,8.5,1,配当利回り,0,2026-09-29 15:17
6331,三菱化工機,機械,3250.0,3815,3.69,7.5,2,営業キャッシュフロー／現金等,0,2026-09-29 15:17
6332,月島ホールディングス,機械,2567.0,3485,3.42,5.5,3,配当利回り／営業利益率／営業キャッシュフロー,0,2026-09-29 15:17
6333,ＴＥＩＫＯＫＵ,機械,3585.0,3605,3.68,7.0,1,1株配当の推移,0,2026-09-29 15:17
6336,石井表記,機械,1470.0,,5.57,7.5,0,,0,2026-09-29 15:17
6339,新東工業,機械,1166.0,1282,4.12,7.0,2,営業利益率／EPSの推移,0,2026-09-29 15:17
6342,太平製作所,機械,2850.0,3185,3.51,4.0,4,EPSの推移／1株配当の推移／営業キャッシュフロー／現金等,0,2026-09-29 15:17
6345,アイチ　コーポレーション,機械,1431.0,1487,4.54,8.5,0,,1,2026-09-29 15:17
6346,キクカワエンタープライズ,機械,5600.0,,3.57,7.5,0,,0,2026-09-29 15:17
6349,小森コーポレーション,機械,1941.0,2038,5.16,7.0,2,1株配当の推移／営業キャッシュフロー,0,2026-09-29 15:17
6357,三精テクノロジーズ,機械,2712.0,2773,3.5,7.0,1,1株配当の推移,0,2026-09-29 15:17
6358,酒井重工業,機械,2089.0,2263,6.23,6.0,2,営業利益率／1株配当の推移,0,2026-09-29 15:17
6364,ＡＩＲＭＡＮ,機械,2501.0,2621,4.16,7.5,2,1株配当の推移／営業キャッシュフロー,0,2026-09-29 15:17
6365,電業社機械製作所,機械,5610.0,6090,3.4,7.5,1,配当利回り,0,2026-09-29 15:17
6369,トーヨーカネツ,機械,2387.0,3085,4.61,6.5,3,営業利益率／1株配当の推移／営業キャッシュフロー,0,2026-09-29 15:17
6378,木村化工機,機械,1165.0,1518,3.52,8.5,0,,0,2026-09-29 15:17
6381,アネスト岩田,機械,1876.0,1988,4.69,9.0,0,,0,2026-09-29 15:17
6382,トリニティ工業,機械,1229.0,1470,4.96,7.0,2,1株配当の推移／営業キャッシュフロー,0,2026-09-29 15:17
6384,昭和真空,機械,1703.0,1839,4.1,9.5,0,,0,2026-09-29 15:17
6390,加藤製作所,機械,1283.0,1783,5.46,3.0,5,営業利益率／EPSの推移／1株配当の推移／営業キャッシュフロー／現金等,0,2026-09-29 15:17
6393,油研工業,機械,3025.0,3320,4.96,7.5,1,営業利益率,0,2026-09-29 15:17
6400,不二精機,機械,300.0,,6.67,7.5,0,,0,2026-09-29 15:17
6412,平和,機械,2125.0,2220,3.76,6.0,3,自己資本比率／流動比率／EPSの推移,0,2026-09-29 15:17
6413,理想科学工業,機械,1031.0,1287,4.86,6.5,2,営業利益率／1株配当の推移,0,2026-09-29 15:17
6417,ＳＡＮＫＹＯ,機械,2049.0,2702,4.88,9.0,1,1株配当の推移,0,2026-09-29 15:17
6418,日本金銭機械,機械,1237.0,1294,3.71,6.5,2,1株配当の推移／営業キャッシュフロー,0,2026-09-29 15:17
6419,マースグループホールディングス,機械,3045.0,3260,4.92,9.0,1,1株配当の推移,0,2026-09-29 15:17
6428,オーイズミ,機械,326.0,359,3.68,7.0,2,営業利益率／EPSの推移,0,2026-09-29 15:17
6430,ダイコク電機,機械,2424.0,3060,4.13,7.5,1,1株配当の推移,0,2026-09-29 15:17
6432,竹内製作所,機械,7170.0,7620,3.07,9.0,1,配当利回り,0,2026-09-29 15:17
6436,アマノ,機械,3807.0,4212,6.56,8.0,1,1株配当の推移,0,2026-09-29 15:17
6445,ジャノメ,機械,1381.0,1482,4.33,5.5,4,営業利益率／EPSの推移／1株配当の推移／配当性向,0,2026-09-29 15:17
6455,モリタホールディングス,輸送用機器,2465.0,2992,3.25,8.5,1,配当利回り,0,2026-09-29 15:17
6457,グローリー,機械,4345.0,4853,3.54,4.5,3,EPSの推移／1株配当の推移／営業キャッシュフロー,0,2026-09-29 15:17
6458,新晃工業,機械,1200.0,1485,4.17,9.0,0,,0,2026-09-29 15:17
6459,だいわ,機械,1663.0,1931,3.62,7.5,1,現金等,0,2026-09-29 15:17
6463,ＴＰＲ,機械,1519.0,1617,3.95,8.0,2,営業利益率／1株配当の推移,0,2026-09-29 15:17
6471,日本精工,機械,1066.5,1408,3.19,6.0,3,配当利回り／営業利益率／1株配当の推移,0,2026-09-29 15:17
6472,ＮＴＮ,機械,373.1,453,3.48,4.5,5,配当利回り／営業利益率／自己資本比率／EPSの推移／1株配当の推移,0,2026-09-29 15:17
6473,ジェイテクト,機械,2051.0,2216,3.41,4.5,5,配当利回り／営業利益率／EPSの推移／1株配当の推移／配当性向,0,2026-09-29 15:17
6481,ＴＨＫ,機械,6499.0,7640,3.05,3.5,6,配当利回り／営業利益率／売上高の推移／EPSの推移／1株配当の推移／配当性向,0,2026-09-29 15:17
6484,ＫＶＫ,機械,2229.0,2550,4.04,7.0,1,現金等,0,2026-09-29 15:17
6485,前澤給装工業,機械,1652.0,1750,3.64,7.0,1,営業キャッシュフロー,0,2026-09-29 15:17
6486,イーグル工業,機械,3005.0,3425,4.65,8.5,0,,0,2026-09-29 15:17
6488,ヨシタケ,機械,1044.0,1074,3.45,8.5,1,配当利回り,0,2026-09-29 15:17
6493,ＮＩＴＴＡＮ,輸送用機器,471.0,784,4.24,7.5,1,1株配当の推移,0,2026-09-29 15:17
6497,ハマイ,機械,1463.0,1452,3.07,6.5,1,配当利回り,0,2026-09-29 15:17
6498,キッツ,機械,1992.0,2525,3.31,8.0,1,配当利回り,0,2026-09-29 15:17
6505,東洋電機製造,電気機器,2448.0,2497,4.75,7.5,1,営業キャッシュフロー,0,2026-09-29 15:17
6513,オリジン,電気機器,1281.0,1283,3.12,3.0,6,配当利回り／営業利益率／売上高の推移／EPSの推移／1株配当の推移／営業キャッシュフロー,0,2026-09-29 15:17
6516,山洋電気,電気機器,5430.0,6920,3.32,6.0,3,配当利回り／売上高の推移／EPSの推移,0,2026-09-29 15:17
6517,デンヨー,電気機器,3980.0,4165,4.28,9.5,0,,0,2026-09-29 15:17
6533,Ｏｒｃｈｅｓｔｒａ　Ｈｏｌｄｉｎｇｓ,サービス業,1893.0,,2.64,0.0,2,配当利回り／配当性向,0,2026-09-29 15:17
6535,アイモバイル,サービス業,497.0,634,4.03,8.5,1,1株配当の推移,0,2026-09-29 15:17
6539,ＭＳ－Ｊａｐａｎ,サービス業,983.0,1082,5.7,8.0,1,配当性向,0,2026-09-29 15:17
6540,船場,サービス業,1502.0,1935,5.2,7.0,1,営業キャッシュフロー,0,2026-09-29 15:17
6551,ツナググループ・ホールディングス,サービス業,601.0,818,3.33,5.5,3,配当利回り／営業利益率／流動比率,0,2026-09-29 15:17
6571,キュービーネットホールディングス,サービス業,1276.0,1397,6.27,5.5,2,営業利益率／流動比率,0,2026-09-29 15:17
6584,三櫻工業,輸送用機器,786.0,944,3.57,4.0,4,営業利益率／自己資本比率／EPSの推移／1株配当の推移,0,2026-09-29 15:17
6586,マキタ,機械,5237.0,6055,3.98,8.0,1,1株配当の推移,0,2026-09-29 15:17
6592,マブチモーター,電気機器,1717.0,1840,4.08,9.0,0,,0,2026-09-29 15:17
6615,ユー・エム・シー・エレクトロニクス,電気機器,238.0,349,4.2,3.0,7,営業利益率／自己資本比率／流動比率／売上高の推移／EPSの推移／1株配当の推移／配当性向,0,2026-09-29 15:17
6625,ＪＡＬＣＯホールディングス,不動産業,359.0,427,5.02,7.5,2,自己資本比率／配当性向,0,2026-09-29 15:17
6629,テクノホライゾン,電気機器,1022.0,1228,3.24,2.5,7,配当利回り／営業利益率／自己資本比率／流動比率／EPSの推移／1株配当の推移／営業キャッシュフロー,0,2026-09-29 15:17
6633,ＣＧＳホールディングス,電気機器,313.0,410,3.19,4.0,4,配当利回り／営業利益率／1株配当の推移／配当性向,0,2026-09-29 15:17
6648,かわでん,電気機器,1641.0,2532,4.02,9.5,0,,0,2026-09-29 15:17
6651,日東工業,電気機器,4325.0,4860,3.56,7.5,1,1株配当の推移,0,2026-09-29 15:17
6652,ＩＤＥＣ,電気機器,3720.0,3810,3.49,3.0,5,配当利回り／売上高の推移／EPSの推移／1株配当の推移／配当性向,0,2026-09-29 15:17
6658,シライ電子工業,電気機器,444.0,845,4.5,7.0,1,営業利益率,0,2026-09-29 15:17
6677,エスケーエレクトロニクス,電気機器,3120.0,3610,4.87,7.0,2,1株配当の推移／現金等,0,2026-09-29 15:17
6678,テクノメディカ,電気機器,2037.0,2640,4.57,7.5,2,1株配当の推移／配当性向,0,2026-09-29 15:17
6694,ズーム,電気機器,840.0,817,3.81,3.5,6,営業利益率／自己資本比率／EPSの推移／1株配当の推移／配当性向／営業キャッシュフロー,0,2026-09-29 15:17
6699,ダイヤモンドエレクトリックホールディングス,電気機器,481.0,704,5.2,2.5,7,営業利益率／自己資本比率／流動比率／EPSの推移／1株配当の推移／配当性向／営業キャッシュフロー,0,2026-09-29 15:17
6706,電気興業,電気機器,3290.0,3510,3.19,4.0,6,配当利回り／営業利益率／EPSの推移／1株配当の推移／営業キャッシュフロー／現金等,0,2026-09-29 15:17
6718,アイホン,電気機器,2749.0,2972,4.73,5.0,5,営業利益率／EPSの推移／1株配当の推移／配当性向／営業キャッシュフロー,0,2026-09-29 15:17
6730,アクセル,電気機器,1226.0,,3.35,5.0,1,配当利回り,0,2026-09-29 15:17
6737,ＥＩＺＯ,電気機器,3010.0,3170,3.82,6.5,3,営業利益率／EPSの推移／営業キャッシュフロー,0,2026-09-29 15:17
6741,日本信号,電気機器,1770.0,1862,3.16,9.0,1,配当利回り,0,2026-09-29 15:17
6743,大同信号,電気機器,1018.0,,3.54,7.5,0,,0,2026-09-29 15:17
6757,ＯＳＧコーポレーション,電気機器,905.0,,4.42,7.5,0,,0,2026-09-29 15:17
6763,帝国通信工業,電気機器,2735.0,3015,4.74,7.0,2,営業利益率／1株配当の推移,0,2026-09-29 15:17
6772,東京コスモス電機,電気機器,1030.0,,4.86,7.5,0,,0,2026-09-29 15:17
6778,アルチザネットワークス,電気機器,628.0,,7.96,7.5,0,,0,2026-09-29 15:17
6785,鈴木,電気機器,3220.0,3430,3.48,7.5,2,配当利回り／1株配当の推移,1,2026-09-29 15:17
6794,フォスター電機,電気機器,3215.0,3240,3.73,7.5,2,営業利益率／1株配当の推移,0,2026-09-29 15:17
6797,名古屋電機工業,電気機器,1191.0,,3.78,10.0,0,,0,2026-09-29 15:17
6804,ホシデン,電気機器,2436.0,2942,3.12,6.0,4,配当利回り／営業利益率／1株配当の推移／営業キャッシュフロー,0,2026-09-29 15:17
6809,ＴＯＡ,電気機器,1716.0,1839,5.24,7.5,2,1株配当の推移／配当性向,0,2026-09-29 15:17
6817,スミダコーポレーション,電気機器,1223.0,1474,4.33,4.5,5,営業利益率／自己資本比率／流動比率／EPSの推移／1株配当の推移,0,2026-09-29 15:17
6819,伊豆シャボテンリゾート,サービス業,474.0,,4.22,10.0,0,,0,2026-09-29 15:17
6835,アライドテレシスホールディングス,電気機器,267.0,,3.74,7.5,0,,0,2026-09-29 15:17
6844,新電元工業,電気機器,3030.0,4170,3.31,4.5,5,配当利回り／営業利益率／EPSの推移／1株配当の推移／営業キャッシュフロー,0,2026-09-29 15:17
6858,小野測器,電気機器,854.0,,3.52,7.5,0,,0,2026-09-29 15:17
6859,エスペック,電気機器,3955.0,4230,3.54,8.5,1,1株配当の推移,0,2026-09-29 15:17
6863,ニレコ,電気機器,1133.0,,3.53,7.5,0,,0,2026-09-29 15:17
6867,リーダー電子,電気機器,410.0,,3.66,5.0,0,,0,2026-09-29 15:17
6870,日本フェンオール,電気機器,2127.0,,3.66,7.5,0,,0,2026-09-29 15:17
6871,日本マイクロニクス,電気機器,13700.0,,5.19,7.5,0,,0,2026-09-29 15:17
6874,協立電機,電気機器,2348.0,2930,3.92,8.3,0,,0,2026-09-29 15:17
6882,三社電機製作所,電気機器,1177.0,1385,5.1,4.5,5,営業利益率／EPSの推移／1株配当の推移／配当性向／営業キャッシュフロー,0,2026-09-29 15:17
6888,アクモス,情報・通信業,503.0,562,4.97,7.5,0,,0,2026-09-29 15:17
6894,パルステック工業,電気機器,2154.0,2330,4.18,8.0,2,1株配当の推移／営業キャッシュフロー,0,2026-09-29 15:17
6899,ＡＳＴＩ,電気機器,2220.0,2645,3.6,6.0,2,営業利益率／1株配当の推移,0,2026-09-29 15:17
6902,デンソー,輸送用機器,1853.5,2250,4.0,9.0,0,,0,2026-09-29 15:17
6905,コーセル,電気機器,1444.0,1565,4.15,4.5,5,営業利益率／売上高の推移／EPSの推移／1株配当の推移／配当性向,0,2026-09-29 15:17
6908,イリソ電子工業,電気機器,2893.0,3840,3.46,7.0,2,配当利回り／1株配当の推移,0,2026-09-29 15:17
6915,千代田インテグレ,電気機器,3560.0,3585,4.49,8.0,1,1株配当の推移,0,2026-09-29 15:17
6919,ケル,電気機器,1407.0,1632,5.7,4.5,4,営業利益率／EPSの推移／1株配当の推移／配当性向,0,2026-09-29 15:17
6923,スタンレー電気,電気機器,3437.0,3635,3.24,8.3,1,配当利回り,0,2026-09-29 15:17
6929,日本セラミック,電気機器,3650.0,,4.52,8.9,0,,0,2026-09-29 15:17
6958,日本シイエムケイ,電気機器,782.0,,3.58,6.9,1,営業利益率,0,2026-09-29 15:17
6962,大真空,電気機器,857.0,,3.27,2.5,5,配当利回り／営業利益率／自己資本比率／EPSの推移／配当性向,0,2026-09-29 15:17
6995,東海理化電機製作所,輸送用機器,3060.0,,3.92,10.0,0,,0,2026-09-29 15:17
7004,カナデビア,機械,1149.0,,3.32,5.0,1,配当利回り,0,2026-09-29 15:17
7120,ＳＨＩＮＫＯ,卸売業,990.0,1029,4.45,6.1,3,営業利益率／自己資本比率／営業キャッシュフロー,0,2026-09-29 15:17
7126,グローバルスタイル,小売業,1451.0,1566,3.93,5.0,4,営業利益率／自己資本比率／流動比率／現金等,0,2026-09-29 15:17
7175,今村証券,証券、商品先物取引業,2048.0,2149,3.6,6.5,2,1株配当の推移／営業キャッシュフロー,0,2026-09-29 15:17
7177,ＧＭＯフィナンシャルホールディングス,証券、商品先物取引業,1170.0,1219,4.94,6.5,3,自己資本比率／流動比率／1株配当の推移,0,2026-09-29 15:17
7191,イントラスト,その他金融業,1181.0,1213,4.23,9.5,0,,0,2026-09-29 15:17
7192,日本モーゲージサービス,その他金融業,711.0,724,4.22,7.5,2,自己資本比率／営業キャッシュフロー,0,2026-09-29 15:17
7208,カネミツ,輸送用機器,1298.0,1350,3.24,8.0,1,配当利回り,0,2026-09-29 15:17
7213,レシップホールディングス,輸送用機器,648.0,684,4.0,5.5,4,営業利益率／EPSの推移／1株配当の推移／営業キャッシュフロー,0,2026-09-29 15:17
7214,ＧＭＢ,輸送用機器,1123.0,1152,4.81,4.5,5,営業利益率／自己資本比率／流動比率／EPSの推移／1株配当の推移,0,2026-09-29 15:17
7217,テイン,輸送用機器,456.0,452,3.95,7.0,2,営業利益率／1株配当の推移,0,2026-09-29 15:17
7228,デイトナ,輸送用機器,4015.0,4145,3.73,6.0,2,EPSの推移／営業キャッシュフロー,0,2026-09-29 15:17
7235,東京ラヂエーター製造,輸送用機器,1539.0,1834,5.07,6.5,3,営業利益率／EPSの推移／1株配当の推移,0,2026-09-29 15:17
7239,タチエス,輸送用機器,2311.0,,4.98,10.0,0,,0,2026-09-29 15:17
7240,ＮＯＫ,輸送用機器,3029.0,,4.62,10.0,0,,0,2026-09-29 15:17
7241,フタバ産業,輸送用機器,1084.0,,4.24,7.5,0,,0,2026-09-29 15:17
7244,市光工業,電気機器,559.0,,3.22,2.5,1,配当利回り,0,2026-09-29 15:17
7245,大同メタル工業,輸送用機器,1154.0,,3.12,5.0,1,配当利回り,0,2026-09-29 15:17
7246,プレス工業,輸送用機器,983.0,,5.09,10.0,0,,0,2026-09-29 15:17
7247,ミクニ,輸送用機器,359.0,435,4.17,3.5,6,営業利益率／自己資本比率／流動比率／EPSの推移／1株配当の推移／現金等,0,2026-09-29 15:17
7259,アイシン,輸送用機器,2162.5,,3.48,2.5,1,配当利回り,0,2026-09-29 15:17
7261,マツダ,輸送用機器,1107.0,,4.97,5.0,1,配当性向,0,2026-09-29 15:17
7264,ムロコーポレーション,輸送用機器,1358.0,1430,3.53,7.5,2,営業利益率／1株配当の推移,0,2026-09-29 15:17
7265,エイケン工業,輸送用機器,3505.0,4445,3.14,7.0,3,配当利回り／営業利益率／1株配当の推移,0,2026-09-29 15:17
7266,今仙電機製作所,輸送用機器,964.0,1080,3.32,3.5,6,配当利回り／営業利益率／売上高の推移／EPSの推移／1株配当の推移／営業キャッシュフロー,0,2026-09-29 15:17
7267,本田技研工業,輸送用機器,1666.0,,4.2,7.5,0,,0,2026-09-29 15:17
7270,ＳＵＢＡＲＵ,輸送用機器,2531.5,,4.58,5.0,1,配当性向,0,2026-09-29 15:17
7278,エクセディ,輸送用機器,5730.0,6240,6.11,5.0,2,1株配当の推移／配当性向,0,2026-09-29 15:17
7283,愛三工業,輸送用機器,2262.0,2404,3.72,5.0,1,1株配当の推移,0,2026-09-29 15:17
7284,盟和産業,輸送用機器,1155.0,1299,4.32,5.5,4,営業利益率／EPSの推移／1株配当の推移／配当性向,0,2026-09-29 15:17
7287,日本精機,輸送用機器,2730.0,2856,3.29,6.0,3,配当利回り／営業利益率／営業キャッシュフロー,0,2026-09-29 15:17
7291,日本プラスト,輸送用機器,455.0,481,5.5,4.5,4,営業利益率／流動比率／EPSの推移／1株配当の推移,0,2026-09-29 15:17
7292,村上開明堂,輸送用機器,6740.0,7310,3.56,9.0,0,,0,2026-09-29 15:17
7294,ヨロズ,輸送用機器,860.0,1108,3.84,7.5,1,1株配当の推移,0,2026-09-29 15:17
7296,エフ・シー・シー,輸送用機器,4085.0,4250,4.42,6.2,1,1株配当の推移,0,2026-09-29 15:17
7297,カーメイト,輸送用機器,865.0,957,3.47,5.0,4,配当利回り／営業利益率／EPSの推移／営業キャッシュフロー,0,2026-09-29 15:17
7305,新家工業,鉄鋼,2724.0,2925,7.34,5.5,3,営業利益率／EPSの推移／配当性向,0,2026-09-29 15:17
7313,テイ・エス　テック,輸送用機器,1761.5,2014,5.22,6.0,3,営業利益率／配当性向／現金等,0,2026-09-29 15:17
7314,小田原機器,輸送用機器,1320.0,1313,3.03,3.5,6,配当利回り／営業利益率／EPSの推移／1株配当の推移／配当性向／営業キャッシュフロー,0,2026-09-29 15:17
7367,セルム,サービス業,330.0,354,4.69,8.5,0,,0,2026-09-29 15:17
7368,表示灯,サービス業,1710.0,1742,3.74,8.0,0,,0,2026-09-29 15:17
7377,ＤＮホールディングス,サービス業,1745.0,2078,4.3,7.0,1,営業キャッシュフロー,0,2026-09-29 15:17
7388,ＦＰパートナー,保険業,2330.0,2441,4.03,6.5,1,配当性向,0,2026-09-29 15:17
7399,ナンシン,輸送用機器,611.0,630,3.27,4.0,4,配当利回り／営業利益率／1株配当の推移／営業キャッシュフロー,0,2026-09-29 15:17
7414,小野建,卸売業,1396.0,1495,4.94,3.5,5,営業利益率／流動比率／EPSの推移／1株配当の推移／営業キャッシュフロー,0,2026-09-29 15:17
7417,南陽,卸売業,1800.0,1948,3.61,7.0,1,1株配当の推移,0,2026-09-29 15:17
7425,初穂商事,卸売業,1091.0,1320,3.66,6.0,1,営業利益率,0,2026-09-29 15:17
7426,山大,卸売業,240288784.0,1226,0.0,0.6,8,配当利回り／営業利益率／流動比率／売上高の推移／EPSの推移／1株配当の推移／営業キャッシュフロー／現金等,0,2026-09-29 15:17
7427,エコートレーディング,卸売業,827.0,941,3.62,3.5,5,営業利益率／自己資本比率／流動比率／1株配当の推移／営業キャッシュフロー,0,2026-09-29 15:17
7435,ナ・デックス,卸売業,1424.0,1341,3.8,6.5,3,営業利益率／EPSの推移／1株配当の推移,0,2026-09-29 15:17
7438,コンドーテック,卸売業,1782.0,1802,3.26,7.0,2,配当利回り／営業利益率,0,2026-09-29 15:17
7447,ナガイレーベン,卸売業,1635.0,2010,4.28,6.5,1,EPSの推移,0,2026-09-29 15:17
7458,第一興商,卸売業,1826.0,1910,3.72,8.5,1,現金等,0,2026-09-29 15:17
7460,ヤギ,卸売業,1639.0,1823,4.88,7.0,1,営業利益率,0,2026-09-29 15:17
7463,アドヴァングループ,小売業,962.0,1015,10.39,8.0,1,1株配当の推移,0,2026-09-29 15:17
7464,セフテック,卸売業,1528.0,1721,3.93,6.5,2,営業利益率／EPSの推移,0,2026-09-29 15:17
7472,鳥羽洋行,卸売業,3895.0,4160,3.08,4.5,5,配当利回り／営業利益率／EPSの推移／1株配当の推移／営業キャッシュフロー,0,2026-09-29 15:17
7480,スズデン,卸売業,3575.0,3685,4.93,4.5,5,営業利益率／売上高の推移／EPSの推移／1株配当の推移／配当性向,0,2026-09-29 15:17
7481,尾家産業,卸売業,2597.0,2747,4.01,7.0,2,営業利益率／流動比率,0,2026-09-29 15:17
7482,シモジマ,卸売業,1473.0,1555,4.08,7.5,2,営業利益率／1株配当の推移,0,2026-09-29 15:17
7483,ドウシシャ,卸売業,3010.0,3710,3.99,9.5,0,,0,2026-09-29 15:17
7494,コナカ,小売業,236.0,257,4.24,2.5,6,営業利益率／自己資本比率／流動比率／EPSの推移／1株配当の推移／営業キャッシュフロー,0,2026-09-29 15:17
7500,西川計測,卸売業,10860.0,13500,3.6,7.0,1,1株配当の推移,0,2026-09-29 15:17
7505,扶桑電通,卸売業,1997.0,2200,4.35,4.5,5,営業利益率／自己資本比率／流動比率／1株配当の推移／営業キャッシュフロー,0,2026-09-29 15:17
7508,Ｇ‐７ホールディングス,小売業,1398.0,1515,5.01,6.0,3,営業利益率／流動比率／EPSの推移,0,2026-09-29 15:17
7509,アイエーグループ,小売業,4645.0,4960,3.45,5.5,3,配当利回り／営業利益率／1株配当の推移,0,2026-09-29 15:17
7510,たけびし,卸売業,2826.0,2900,3.19,6.5,3,配当利回り／営業利益率／営業キャッシュフロー,0,2026-09-29 15:17
7514,ヒマラヤ,小売業,854.0,879,3.04,3.5,4,配当利回り／営業利益率／EPSの推移／営業キャッシュフロー,0,2026-09-29 15:17
7516,コーナン商事,小売業,4470.0,4580,3.14,6.0,4,配当利回り／営業利益率／自己資本比率／流動比率,0,2026-09-29 15:17
7524,マルシェ,小売業,181.0,201,11.05,2.2,7,営業利益率／自己資本比率／流動比率／EPSの推移／1株配当の推移／営業キャッシュフロー／現金等,0,2026-09-29 15:17
7525,リックス,卸売業,3540.0,3855,4.57,7.0,2,営業利益率／1株配当の推移,0,2026-09-29 15:17
7537,丸文,卸売業,1878.0,1913,4.16,4.0,5,営業利益率／自己資本比率／EPSの推移／1株配当の推移／営業キャッシュフロー,0,2026-09-29 15:17
7539,アイナボホールディングス,卸売業,786.0,819,3.82,7.5,2,営業利益率／1株配当の推移,0,2026-09-29 15:17
7544,スリーエフ,小売業,556.0,590,3.24,6.5,3,配当利回り／EPSの推移／1株配当の推移,0,2026-09-29 15:17
7551,ウェッズ,輸送用機器,671.0,726,3.27,5.0,4,配当利回り／営業利益率／EPSの推移／1株配当の推移,0,2026-09-29 15:17
7561,ハークスレイホールディングス,小売業,698.0,777,4.31,6.5,3,営業利益率／自己資本比率／1株配当の推移,0,2026-09-29 15:17
7570,橋本総業ホールディングス,卸売業,1378.0,1443,3.78,7.0,2,営業利益率／流動比率,0,2026-09-29 15:17
7575,日本ライフライン,卸売業,1496.0,1596,3.75,8.5,0,,0,2026-09-29 15:17
7578,ニチリョク,小売業,73.0,133,20.55,1.2,7,営業利益率／流動比率／売上高の推移／EPSの推移／1株配当の推移／営業キャッシュフロー／現金等,0,2026-09-29 15:17
7593,ＶＴホールディングス,小売業,511.0,574,4.7,5.0,4,営業利益率／自己資本比率／流動比率／EPSの推移,0,2026-09-29 15:17
7595,アルゴグラフィックス,情報・通信業,1234.0,1651,6.49,8.0,1,1株配当の推移,0,2026-09-29 15:17
7599,ＩＤＯＭ,卸売業,1171.0,1532,3.62,3.5,6,営業利益率／自己資本比率／EPSの推移／1株配当の推移／営業キャッシュフロー／現金等,0,2026-09-29 15:17
7606,ユナイテッドアローズ,小売業,2358.0,2677,3.9,6.0,3,営業利益率／1株配当の推移／現金等,0,2026-09-29 15:17
7607,進和,卸売業,3040.0,3375,4.09,7.5,2,営業利益率／EPSの推移,0,2026-09-29 15:17
7609,ダイトロン,卸売業,4130.0,4280,3.15,5.5,3,配当利回り／営業利益率／営業キャッシュフロー,0,2026-09-29 15:17
7613,シークス,卸売業,1596.0,1606,3.12,6.0,3,配当利回り／営業利益率／EPSの推移,0,2026-09-29 15:17
7619,田中商事,卸売業,1012.0,1040,4.15,5.5,3,営業利益率／流動比率／1株配当の推移,0,2026-09-29 15:17
7628,オーハシテクニカ,卸売業,1131.0,1255,3.98,8.5,1,営業利益率,0,2026-09-29 15:17
7636,ハンズマン,小売業,795.0,833,3.77,6.5,2,営業利益率／EPSの推移,0,2026-09-29 15:17
7637,白銅,卸売業,3600.0,3855,3.98,7.0,2,営業利益率／1株配当の推移,0,2026-09-29 15:17
7638,ＮＥＷ　ＡＲＴ　ＨＯＬＤＩＮＧＳ,小売業,1401.0,1662,5.71,6.0,3,自己資本比率／1株配当の推移／現金等,0,2026-09-29 15:17
7646,ＰＬＡＮＴ,小売業,1784.0,2023,5.33,6.0,2,営業利益率／流動比率,0,2026-09-29 15:17
7670,オーウエル,卸売業,1225.0,1240,4.49,6.0,2,営業利益率／営業キャッシュフロー,0,2026-09-29 15:17
7673,ダイコー通産,卸売業,1722.0,1886,4.19,7.5,2,営業利益率／営業キャッシュフロー,0,2026-09-29 15:17
7686,ひとまいる,小売業,433.0,469,4.61,6.0,4,営業利益率／自己資本比率／流動比率／1株配当の推移,0,2026-09-29 15:17
7692,アースインフィニティ,電気・ガス業,77.0,118,3.9,4.5,4,営業利益率／自己資本比率／EPSの推移／営業キャッシュフロー,0,2026-09-29 15:17
7702,ＪＭＳ,精密機器,453.0,468,3.76,5.0,4,営業利益率／EPSの推移／1株配当の推移／配当性向,0,2026-09-29 15:17
7722,国際計測器,精密機器,755.0,976,5.3,7.0,3,EPSの推移／1株配当の推移／営業キャッシュフロー,0,2026-09-29 15:17
7723,愛知時計電機,精密機器,2839.0,3340,4.23,8.5,0,,1,2026-09-29 15:17
7740,タムロン,精密機器,1354.0,1438,3.77,8.5,1,1株配当の推移,0,2026-09-29 15:17
7744,ノーリツ鋼機,精密機器,2005.0,2270,3.75,7.5,2,1株配当の推移／営業キャッシュフロー,0,2026-09-29 15:17
7749,メディキット,精密機器,2766.0,3025,3.62,8.5,0,,0,2026-09-29 15:17
7751,キヤノン,電気機器,4581.0,4762,3.49,7.5,1,配当利回り,0,2026-09-29 15:17
7769,リズム,精密機器,3775.0,4365,4.44,8.5,1,営業利益率,0,2026-09-29 15:17
7775,大研医器,精密機器,418.0,477,4.79,8.0,1,1株配当の推移,0,2026-09-29 15:17
7782,シンシア,精密機器,501.0,581,3.39,7.0,3,配当利回り／1株配当の推移／営業キャッシュフロー,0,2026-09-29 15:17
7791,ドリームベッド,その他製品,828.0,903,4.59,5.5,3,営業利益率／流動比率／1株配当の推移,0,2026-09-29 15:17
7795,ＫＹＯＲＩＴＳＵ,その他製品,213.0,248,3.76,6.5,2,営業利益率／流動比率,0,2026-09-29 15:17
7800,アミファ,その他製品,974.0,1231,3.08,5.0,4,配当利回り／営業利益率／EPSの推移／営業キャッシュフロー,0,2026-09-29 15:17
7804,ビーアンドピー,その他製品,2468.0,,3.53,9.4,0,,0,2026-09-29 15:17
7808,シー・エス・ランバー,その他製品,2640.0,,3.03,2.2,5,配当利回り／営業利益率／自己資本比率／流動比率／EPSの推移,0,2026-09-29 15:17
7809,壽屋,その他製品,1323.0,,3.4,6.9,1,配当利回り,0,2026-09-29 15:17
7811,中本パックス,その他製品,2284.0,,3.6,5.0,0,,0,2026-09-29 15:17
7812,クレステック,その他製品,2115.0,,4.54,10.0,0,,0,2026-09-29 15:17
7813,プラッツ,その他製品,891.0,,5.05,10.0,0,,0,2026-09-29 15:17
7819,粧美堂,その他製品,963.0,,3.43,5.0,1,配当利回り,0,2026-09-29 15:17
7820,ニホンフラッシュ,その他製品,699.0,860,5.15,6.0,2,売上高の推移／EPSの推移,0,2026-09-29 15:17
7822,永大産業,その他製品,255.0,,3.93,5.0,1,配当性向,0,2026-09-29 15:17
7823,アートネイチャー,その他製品,800.0,,3.5,5.0,0,,0,2026-09-29 15:17
7827,オービス,その他製品,1795.0,,3.45,2.5,1,配当利回り,0,2026-09-29 15:17
7831,ウイルコホールディングス,その他製品,66.0,,3.03,0.0,1,配当利回り,0,2026-09-29 15:17
7833,アイフィスジャパン,その他製品,683.0,,4.4,10.0,0,,0,2026-09-29 15:17
7840,フランスベッドホールディングス,その他製品,1267.0,1368,3.95,7.0,0,,0,2026-09-29 15:17
7841,遠藤製作所,その他製品,1086.0,,3.69,2.5,1,配当性向,0,2026-09-29 15:17
7847,グラファイトデザイン,その他製品,680.0,,4.41,5.0,1,配当性向,0,2026-09-29 15:17
7849,スターツ出版,情報・通信業,3000.0,,4.33,10.0,0,,0,2026-09-29 15:17
7851,カワセコンピュータサプライ,その他製品,172.0,,3.49,2.5,1,配当利回り,0,2026-09-29 15:17
7856,萩原工業,その他製品,2070.0,2050,3.87,8.0,1,営業利益率,0,2026-09-29 15:17
7860,エイベックス,情報・通信業,1228.0,1320,4.07,4.5,4,営業利益率／流動比率／1株配当の推移／営業キャッシュフロー,0,2026-09-29 15:17
7863,平賀,その他製品,946.0,,4.24,7.5,0,,0,2026-09-29 15:17
7865,ピープル,その他製品,325.0,,18.46,10.0,0,,0,2026-09-29 15:17
7871,フクビ化学工業,化学,1011.0,1048,3.07,3.3,2,配当利回り／1株配当の推移,0,2026-09-29 15:17
7872,エステールホールディングス,その他製品,616.0,627,4.38,5.0,1,1株配当の推移,0,2026-09-29 15:17
7877,永大化工,化学,2182.0,2289,3.21,1.7,2,配当利回り／1株配当の推移,0,2026-09-29 15:17
7879,ノダ,その他製品,675.0,733,4.45,6.2,1,1株配当の推移,0,2026-09-29 15:17
7893,プロネクサス,その他製品,1076.0,1187,4.09,8.5,0,,0,2026-09-29 15:17
7896,セブン工業,その他製品,505.0,549,3.96,4.5,4,営業利益率／EPSの推移／1株配当の推移／営業キャッシュフロー,0,2026-09-29 15:17
7914,共同印刷,その他製品,1714.0,1784,4.65,7.0,1,営業利益率,0,2026-09-29 15:17
7915,ＮＩＳＳＨＡ,その他製品,1161.0,1636,4.3,3.0,6,営業利益率／流動比率／EPSの推移／1株配当の推移／配当性向／現金等,0,2026-09-29 15:17
7919,野崎印刷紙業,その他製品,222.0,228,4.5,5.5,3,営業利益率／流動比率／1株配当の推移,0,2026-09-29 15:17
7921,ＴＡＫＡＲＡ　＆　ＣＯＭＰＡＮＹ,その他製品,4200.0,4710,4.28,9.5,0,,0,2026-09-29 15:17
7927,ムトー精工,化学,2362.0,2480,4.95,8.5,1,1株配当の推移,0,2026-09-29 15:17
7931,未来工業,化学,3570.0,3725,4.76,9.0,0,,0,2026-09-29 15:17
7932,ニッピ,その他製品,11370.0,14640,6.15,8.0,1,1株配当の推移,0,2026-09-29 15:17
7937,ツツミ,その他製品,2495.0,3395,4.6,8.5,1,営業キャッシュフロー,0,2026-09-29 15:17
7938,リーガルコーポレーション,その他製品,2123.0,2467,3.53,2.5,6,営業利益率／EPSの推移／1株配当の推移／配当性向／営業キャッシュフロー／現金等,0,2026-09-29 15:17
7939,研創,その他製品,593.0,630,3.87,4.5,5,営業利益率／流動比率／EPSの推移／1株配当の推移／営業キャッシュフロー,0,2026-09-29 15:17
7942,ＪＳＰ,化学,2981.0,3150,3.35,7.0,2,配当利回り／営業利益率,0,2026-09-29 15:17
7943,ニチハ,ガラス・土石製品,2894.0,3715,3.94,6.0,3,営業利益率／EPSの推移／配当性向,0,2026-09-29 15:17
7944,ローランド,その他製品,3660.0,4570,4.64,6.0,3,EPSの推移／1株配当の推移／配当性向,0,2026-09-29 15:17
7946,光陽社,その他製品,334.0,,3.29,5.0,1,配当利回り,0,2026-09-29 15:17
7949,小松ウオール工業,その他製品,2749.0,3060,5.09,8.5,0,,0,2026-09-29 15:17
7953,菊水化学工業,その他製品,401.0,413,4.99,7.0,2,営業利益率／1株配当の推移,0,2026-09-29 15:17
7955,クリナップ,その他製品,932.0,1070,4.29,7.5,1,営業利益率,0,2026-09-29 15:17
7956,ピジョン,その他製品,2022.0,2115,3.76,7.0,2,1株配当の推移／配当性向,0,2026-09-29 15:17
7965,象印マホービン,電気機器,1446.0,1678,3.18,6.5,2,配当利回り／営業キャッシュフロー,0,2026-09-29 15:17
7971,東リ,化学,677.0,788,5.02,7.5,2,営業利益率／1株配当の推移,0,2026-09-29 15:17
7972,イトーキ,その他製品,2445.0,3610,3.67,6.5,1,営業キャッシュフロー,0,2026-09-29 15:17
7981,タカラスタンダード,その他製品,3015.0,3175,4.11,7.0,1,営業キャッシュフロー,0,2026-09-29 15:17
7987,ナカバヤシ,その他製品,556.0,643,3.96,6.0,3,営業利益率／EPSの推移／営業キャッシュフロー,0,2026-09-29 15:17
7989,立川ブラインド工業,金属製品,2661.0,2700,5.27,9.5,0,,1,2026-09-29 15:17
7990,グローブライド,その他製品,2365.0,2618,4.23,7.0,2,営業利益率／EPSの推移,0,2026-09-29 15:17
7991,マミヤ・オーピー,機械,1057.0,1887,4.73,7.5,1,営業キャッシュフロー,0,2026-09-29 15:17
7994,オカムラ,その他製品,2252.0,2734,4.65,8.0,1,1株配当の推移,1,2026-09-29 15:17
8005,スクロール,小売業,1733.0,1817,5.6,6.5,3,営業利益率／EPSの推移／1株配当の推移,0,2026-09-29 15:17
8007,高島,卸売業,775.0,940,5.94,5.0,4,営業利益率／1株配当の推移／配当性向／営業キャッシュフロー,0,2026-09-29 15:17
8008,ヨンドシーホールディングス,小売業,2076.0,2121,4.1,6.5,2,営業利益率／配当性向,0,2026-09-29 15:17
8011,三陽商会,繊維製品,1338.0,1633,3.64,7.0,2,営業利益率／1株配当の推移,0,2026-09-29 15:17
8014,蝶理,卸売業,4140.0,4650,4.16,8.0,1,営業利益率,0,2026-09-29 15:17
8016,オンワードホールディングス,繊維製品,714.0,817,4.61,6.5,2,営業利益率／流動比率,0,2026-09-29 15:17
8018,三共生興,卸売業,825.0,915,3.28,7.5,2,配当利回り／現金等,0,2026-09-29 15:17
8023,ＤＡＩＫＯ　ＸＴＥＣＨ,情報・通信業,1004.0,1205,3.78,6.5,2,営業利益率／現金等,0,2026-09-29 15:17
8029,ルックホールディングス,繊維製品,2720.0,2762,3.67,6.5,1,営業利益率,0,2026-09-29 15:17
8030,中央魚類,卸売業,3920.0,4200,3.07,4.5,3,配当利回り／営業利益率／流動比率,0,2026-09-29 15:17
8040,東京ソワール,繊維製品,1050.0,1112,4.29,4.5,5,営業利益率／EPSの推移／1株配当の推移／配当性向／営業キャッシュフロー,0,2026-09-29 15:17
8041,ＯＵＧホールディングス,卸売業,4390.0,4710,3.93,6.5,1,営業利益率,0,2026-09-29 15:17
8043,スターゼン,卸売業,1498.0,1603,3.47,5.0,3,配当利回り／営業利益率／営業キャッシュフロー,0,2026-09-29 15:17
8046,丸藤シートパイル,卸売業,979.0,1050,3.88,7.5,2,営業利益率／1株配当の推移,0,2026-09-29 15:17
8052,椿本興業,卸売業,2934.0,3130,4.1,5.5,3,営業利益率／1株配当の推移／営業キャッシュフロー,0,2026-09-29 15:17
8057,内田洋行,卸売業,2231.0,2414,3.41,5.5,4,配当利回り／営業利益率／流動比率／営業キャッシュフロー,0,2026-09-29 15:17
8058,三菱商事,卸売業,4628.0,5317,2.71,3.0,5,配当利回り／営業利益率／自己資本比率／流動比率／EPSの推移,0,2026-09-29 15:17
8059,第一実業,卸売業,3515.0,3820,3.59,6.5,2,営業利益率／営業キャッシュフロー,0,2026-09-29 15:17
8061,西華産業,卸売業,2985.0,3225,3.95,5.5,4,自己資本比率／流動比率／1株配当の推移／営業キャッシュフロー,0,2026-09-29 15:17
8065,佐藤商事,卸売業,2938.0,3680,3.74,6.0,2,営業利益率／流動比率,0,2026-09-29 15:17
8070,東京産業,卸売業,1012.0,1121,3.96,4.5,5,営業利益率／自己資本比率／流動比率／EPSの推移／営業キャッシュフロー,0,2026-09-29 15:17
8074,ＹＵＡＳＡ,卸売業,6230.0,6480,3.76,5.5,4,営業利益率／自己資本比率／流動比率／1株配当の推移,0,2026-09-29 15:17
8075,神鋼商事,卸売業,3145.0,3225,3.56,5.0,4,営業利益率／自己資本比率／流動比率／1株配当の推移,0,2026-09-29 15:17
8076,カノークス,卸売業,2085.0,2226,5.09,6.5,3,営業利益率／自己資本比率／営業キャッシュフロー,0,2026-09-29 15:17
8078,阪和興業,卸売業,1845.0,1941,3.57,4.0,4,営業利益率／自己資本比率／EPSの推移／1株配当の推移,0,2026-09-29 15:17
8081,カナデン,卸売業,2600.0,2651,3.84,6.5,3,営業利益率／1株配当の推移／営業キャッシュフロー,0,2026-09-29 15:17
8085,ナラサキ産業,卸売業,4400.0,4720,3.18,6.5,2,配当利回り／営業利益率,0,2026-09-29 15:17
8089,ナイス,卸売業,1922.0,2232,5.0,3.5,6,営業利益率／自己資本比率／流動比率／EPSの推移／営業キャッシュフロー／現金等,0,2026-09-29 15:17
8091,ニチモウ,卸売業,2359.0,2730,4.24,4.5,4,営業利益率／自己資本比率／EPSの推移／営業キャッシュフロー,0,2026-09-29 15:17
8093,極東貿易,卸売業,1764.0,2222,4.2,7.0,3,営業利益率／1株配当の推移／営業キャッシュフロー,0,2026-09-29 15:17
8095,アステナホールディングス,卸売業,523.0,550,3.45,3.5,6,配当利回り／営業利益率／自己資本比率／流動比率／EPSの推移／営業キャッシュフロー,0,2026-09-29 15:17
8097,三愛オブリ,卸売業,2400.0,2567,4.17,6.5,2,営業利益率／流動比率,0,2026-09-29 15:17
8098,稲畑産業,卸売業,4405.0,4535,3.24,7.0,2,配当利回り／営業利益率,0,2026-09-29 15:17
8101,ＧＳＩクレオス,卸売業,2555.0,2800,4.16,5.0,4,営業利益率／自己資本比率／流動比率／営業キャッシュフロー,0,2026-09-29 15:17
8103,明和産業,卸売業,987.0,1018,4.75,6.5,2,営業利益率／1株配当の推移,0,2026-09-29 15:17
8104,クワザワホールディングス,卸売業,821.0,798,3.66,5.5,4,営業利益率／自己資本比率／流動比率／営業キャッシュフロー,0,2026-09-29 15:17
8111,ゴールドウイン,繊維製品,2097.0,2951,3.35,9.0,1,配当利回り,0,2026-09-29 15:17
8115,ムーンバット,卸売業,1335.0,1650,5.09,7.0,2,営業利益率／1株配当の推移,0,2026-09-29 15:17
8117,中央自動車工業,卸売業,2119.0,2270,3.12,9.0,1,配当利回り,0,2026-09-29 15:17
8119,三栄コーポレーション,卸売業,781.0,888,3.97,5.0,4,営業利益率／売上高の推移／EPSの推移／1株配当の推移,0,2026-09-29 15:17
8123,川辺,卸売業,1390.0,1533,3.6,6.5,2,営業利益率／1株配当の推移,0,2026-09-29 15:17
8125,ワキタ,卸売業,1927.0,2048,5.19,5.5,3,営業利益率／EPSの推移／配当性向,0,2026-09-29 15:17
8129,東邦ホールディングス,卸売業,3925.0,5460,4.59,5.0,4,営業利益率／自己資本比率／流動比率／営業キャッシュフロー,0,2026-09-29 15:17
8130,サンゲツ,卸売業,3130.0,3355,4.95,8.5,0,,1,2026-09-29 15:17
8135,ゼット,卸売業,432.0,614,4.17,6.0,2,営業利益率／1株配当の推移,0,2026-09-29 15:17
8142,トーホー,卸売業,1383.0,1426,4.42,6.0,4,営業利益率／自己資本比率／流動比率／1株配当の推移,0,2026-09-29 15:17
8144,デンキョーグループホールディングス,卸売業,1274.0,1399,3.14,4.0,4,配当利回り／営業利益率／1株配当の推移／営業キャッシュフロー,0,2026-09-29 15:17
8150,三信電気,卸売業,3305.0,3365,4.24,6.5,3,営業利益率／1株配当の推移／営業キャッシュフロー,0,2026-09-29 15:17
8151,東陽テクニカ,卸売業,1852.0,2090,3.79,4.5,4,営業利益率／EPSの推移／1株配当の推移／営業キャッシュフロー,0,2026-09-29 15:17
8157,都築電気,情報・通信業,4140.0,4360,4.59,8.0,1,1株配当の推移,0,2026-09-29 15:17
8158,ソーダニッカ,卸売業,1311.0,1356,3.36,5.5,3,配当利回り／営業利益率／流動比率,0,2026-09-29 15:17
8166,タカキュー,小売業,78.0,100,3.85,3.3,6,営業利益率／自己資本比率／売上高の推移／EPSの推移／1株配当の推移／営業キャッシュフロー,0,2026-09-29 15:17
8185,チヨダ,小売業,990.0,1202,5.46,5.0,4,営業利益率／EPSの推移／1株配当の推移／営業キャッシュフロー,0,2026-09-29 15:17
8203,ＭｒＭａｘＨＤ,小売業,741.0,873,3.92,5.0,4,営業利益率／流動比率／1株配当の推移／現金等,0,2026-09-29 15:17
8214,ＡＯＫＩホールディングス,小売業,1681.0,1845,7.13,7.0,1,1株配当の推移,0,2026-09-29 15:17
8217,オークワ,小売業,767.0,927,3.39,4.0,5,配当利回り／営業利益率／流動比率／EPSの推移／配当性向,0,2026-09-29 15:17
8219,青山商事,小売業,722.0,879,5.27,6.0,2,営業利益率／配当性向,0,2026-09-29 15:17
8252,丸井グループ,小売業,2777.5,3221,4.83,6.5,3,自己資本比率／配当性向／営業キャッシュフロー,0,2026-09-29 15:17
8253,クレディセゾン,その他金融業,4474.0,4772,3.58,6.5,3,自己資本比率／営業キャッシュフロー／現金等,0,2026-09-29 15:17
8273,イズミ,小売業,967.0,1088,3.1,5.5,4,配当利回り／営業利益率／流動比率／EPSの推移,0,2026-09-29 15:17
8281,ゼビオホールディングス,小売業,1111.0,1160,3.16,4.0,5,配当利回り／営業利益率／EPSの推移／配当性向／現金等,0,2026-09-29 15:17
8309,三井住友トラストグループ,銀行業,1753.5,1777,2.71,6.9,2,配当利回り／自己資本比率,0,2026-09-29 15:17
8584,ジャックス,その他金融業,3535.0,4430,5.65,5.0,3,自己資本比率／EPSの推移／営業キャッシュフロー,0,2026-09-29 15:17
8593,三菱ＨＣキャピタル,その他金融業,1329.5,1514,3.92,7.0,2,自己資本比率／営業キャッシュフロー,0,2026-09-29 15:17
8725,ＭＳ＆ＡＤインシュアランスグループホールディングス,保険業,4877.0,5217,2.86,6.2,2,配当利回り／自己資本比率,1,2026-09-29 15:17
8739,スパークス・グループ,証券、商品先物取引業,2571.0,2679,4.28,8.5,0,,0,2026-09-29 15:17
8750,第一ライフグループ,保険業,1881.5,1918,3.82,7.5,2,自己資本比率／営業キャッシュフロー,0,2026-09-29 15:17
8789,フィンテック　グローバル,その他金融業,151.0,166,3.31,5.0,4,配当利回り／流動比率／1株配当の推移／営業キャッシュフロー,0,2026-09-29 15:17
8793,ＮＥＣキャピタルソリューション,その他金融業,4145.0,4385,3.62,6.0,3,営業利益率／自己資本比率／営業キャッシュフロー,0,2026-09-29 15:17
8795,Ｔ＆Ｄホールディングス,保険業,4849.0,5088,3.38,3.1,5,配当利回り／自己資本比率／EPSの推移／営業キャッシュフロー／現金等,0,2026-09-29 15:17
8803,平和不動産,不動産業,2303.0,2536,3.82,7.0,1,自己資本比率,0,2026-09-29 15:17
8804,東京建物,不動産業,3248.0,4374,4.01,8.0,2,自己資本比率／営業キャッシュフロー,0,2026-09-29 15:17
8835,太平洋興発,卸売業,784.0,1150,5.16,2.5,6,営業利益率／自己資本比率／流動比率／EPSの推移／1株配当の推移／配当性向,0,2026-09-29 15:17
8844,コスモスイニシア,不動産業,1192.0,1369,4.44,5.5,3,自己資本比率／1株配当の推移／営業キャッシュフロー,0,2026-09-29 15:17
8850,スターツコーポレーション,不動産業,4700.0,5340,3.19,6.5,1,配当利回り,0,2026-09-29 15:17
8860,フジ住宅,不動産業,723.0,930,4.43,7.0,2,営業利益率／自己資本比率,0,2026-09-29 15:17
8864,空港施設,不動産業,941.0,1064,4.47,9.5,0,,0,2026-09-29 15:17
8869,明和地所,不動産業,801.0,1180,4.99,5.0,3,自己資本比率／1株配当の推移／営業キャッシュフロー,0,2026-09-29 15:17
8871,ゴールドクレスト,不動産業,3090.0,3575,5.18,5.5,3,EPSの推移／1株配当の推移／営業キャッシュフロー,0,2026-09-29 15:17
8876,リログループ,サービス業,2269.0,2318,3.31,5.0,4,配当利回り／自己資本比率／流動比率／EPSの推移,0,2026-09-29 15:17
8877,エスリード,不動産業,5060.0,7540,4.74,7.0,3,自己資本比率／営業キャッシュフロー／現金等,0,2026-09-29 15:17
8881,日神グループホールディングス,不動産業,648.0,823,5.71,7.5,1,営業キャッシュフロー,0,2026-09-29 15:17
8887,シーラホールディングス,不動産業,359.0,439,3.9,5.0,4,自己資本比率／EPSの推移／1株配当の推移／営業キャッシュフロー,0,2026-09-29 15:17
8891,ＡＭＧホールディングス,不動産業,2125.0,2799,3.77,3.5,5,営業利益率／自己資本比率／EPSの推移／1株配当の推移／営業キャッシュフロー,0,2026-09-29 15:17
8892,エスコン,不動産業,1085.0,1193,4.88,8.0,2,自己資本比率／営業キャッシュフロー,0,2026-09-29 15:17
8897,ＭＩＲＡＲＴＨホールディングス,不動産業,436.0,465,5.28,5.0,3,自己資本比率／EPSの推移／営業キャッシュフロー,0,2026-09-29 15:17
8898,センチュリー２１・ジャパン,不動産業,1155.0,1166,4.85,7.0,2,1株配当の推移／現金等,0,2026-09-29 15:17
8904,ＡＶＡＮＴＩＡ,不動産業,822.0,865,4.63,5.5,4,営業利益率／自己資本比率／EPSの推移／営業キャッシュフロー,0,2026-09-29 15:17
8908,毎日コムネット,不動産業,873.0,911,4.46,9.0,0,,0,2026-09-29 15:17
8914,エリアリンク,不動産業,862.0,1283,3.37,6.5,3,配当利回り／EPSの推移／1株配当の推移,0,2026-09-29 15:17
8917,ファースト住建,不動産業,1092.0,1260,3.93,7.0,3,営業利益率／EPSの推移／営業キャッシュフロー,0,2026-09-29 15:17
8923,トーセイ,不動産業,1722.0,1836,3.19,6.0,3,配当利回り／自己資本比率／営業キャッシュフロー,0,2026-09-29 15:17
8927,明豊エンタープライズ,不動産業,505.0,531,3.37,6.0,3,配当利回り／自己資本比率／営業キャッシュフロー,0,2026-09-29 15:17
8928,穴吹興産,不動産業,2306.0,2905,3.46,4.0,4,配当利回り／営業利益率／自己資本比率／営業キャッシュフロー,0,2026-09-29 15:17
8929,青山財産ネットワークス,不動産業,1366.0,2040,5.11,8.0,0,,0,2026-09-29 15:17
8931,和田興産,不動産業,1315.0,1773,5.33,7.0,2,自己資本比率／営業キャッシュフロー,0,2026-09-29 15:17
8934,サンフロンティア不動産,不動産業,2299.0,2835,3.47,6.0,2,配当利回り／営業キャッシュフロー,0,2026-09-29 15:17
8935,ＦＪネクストホールディングス,不動産業,1950.0,2067,4.11,7.5,1,営業キャッシュフロー,0,2026-09-29 15:17
8945,サンネクスタグループ,不動産業,1090.0,1210,4.04,5.5,2,EPSの推移／営業キャッシュフロー,0,2026-09-29 15:17
8951,日本ビルファンド投資法人,J-REIT市場,118200.0,149300,4.2,6.5,3,流動比率／EPSの推移／配当性向,0,2026-09-29 15:17
8952,ジャパンリアルエステイト投資法人,J-REIT市場,109000.0,133700,4.7,7.5,2,流動比率／配当性向,0,2026-09-29 15:17
8953,日本都市ファンド投資法人,J-REIT市場,107900.0,124100,5.56,7.5,2,流動比率／配当性向,0,2026-09-29 15:17
8954,オリックス不動産投資法人,J-REIT市場,92700.0,107200,5.25,5.0,3,流動比率／配当性向／現金等,0,2026-09-29 15:17
8955,日本プライムリアルティ投資法人,J-REIT市場,92300.0,106600,4.66,7.0,3,流動比率／配当性向／現金等,0,2026-09-29 15:17
8956,ＮＴＴ都市開発リート投資法人,J-REIT市場,125700.0,144900,4.94,5.5,3,流動比率／1株配当の推移／配当性向,0,2026-09-29 15:17
8957,東急リアル・エステート投資法人,J-REIT市場,181700.0,210500,4.43,6.0,2,流動比率／配当性向,0,2026-09-29 15:17
8958,グローバル・ワン不動産投資法人,J-REIT市場,106200.0,143000,6.48,7.5,2,1株配当の推移／配当性向,0,2026-09-29 15:17
8960,ユナイテッド・アーバン投資法人,J-REIT市場,152300.0,186500,6.1,5.5,4,流動比率／1株配当の推移／配当性向／現金等,0,2026-09-29 15:17
8961,森トラストリート投資法人,J-REIT市場,69800.0,79800,5.23,4.5,4,流動比率／EPSの推移／1株配当の推移／配当性向,0,2026-09-29 15:17
8963,インヴィンシブル投資法人,J-REIT市場,59900.0,68900,7.3,6.0,4,流動比率／EPSの推移／1株配当の推移／配当性向,0,2026-09-29 15:17
8964,三井不動産商業ファンド投資法人,J-REIT市場,75100.0,95000,5.91,7.5,2,流動比率／配当性向,0,2026-09-29 15:17
8966,平和不動産リート投資法人,J-REIT市場,129200.0,157600,6.2,7.5,2,流動比率／配当性向,0,2026-09-29 15:17
8967,日本ロジスティクスファンド投資法人,J-REIT市場,90300.0,104100,4.87,7.5,2,1株配当の推移／配当性向,0,2026-09-29 15:17
8968,福岡リート投資法人,J-REIT市場,170300.0,192000,4.7,6.0,3,流動比率／配当性向／現金等,0,2026-09-29 15:17
8972,ＫＤＸ不動産投資法人,J-REIT市場,143400.0,178100,5.95,7.5,2,流動比率／配当性向,0,2026-09-29 15:17
8975,いちごオフィスリート投資法人,J-REIT市場,93900.0,99500,5.44,7.0,2,流動比率／配当性向,0,2026-09-29 15:17
8976,大和証券オフィス投資法人,J-REIT市場,302500.0,381000,4.74,7.0,2,流動比率／配当性向,0,2026-09-29 15:17
8977,阪急阪神リート投資法人,J-REIT市場,130600.0,177400,5.13,7.0,2,流動比率／配当性向,0,2026-09-29 15:17
8979,スターツプロシード投資法人,J-REIT市場,185400.0,211100,5.73,6.0,2,流動比率／配当性向,0,2026-09-29 15:17
8984,大和ハウスリート投資法人,J-REIT市場,110600.0,143200,4.77,7.0,3,流動比率／1株配当の推移／配当性向,0,2026-09-29 15:17
8985,ジャパン・ホテル・リート投資法人,J-REIT市場,81600.0,89800,7.13,6.5,3,流動比率／1株配当の推移／配当性向,0,2026-09-29 15:17
8986,大和証券リビング投資法人,J-REIT市場,89100.0,115900,5.78,7.0,2,流動比率／配当性向,0,2026-09-29 15:17
8987,ジャパンエクセレント投資法人,J-REIT市場,130500.0,152600,4.73,7.0,2,流動比率／配当性向,0,2026-09-29 15:17
8996,ハウスフリーダム,不動産業,1082.0,1117,5.08,5.5,3,営業利益率／自己資本比率／営業キャッシュフロー,0,2026-09-29 15:17
8999,グランディハウス,不動産業,563.0,648,5.68,4.0,5,営業利益率／自己資本比率／EPSの推移／配当性向／営業キャッシュフロー,0,2026-09-29 15:17
9007,小田急電鉄,陸運業,1705.5,1792,3.52,5.0,2,自己資本比率／流動比率,0,2026-09-29 15:17
9021,西日本旅客鉄道,陸運業,2913.5,3354,3.34,5.0,5,配当利回り／自己資本比率／流動比率／1株配当の推移／現金等,0,2026-09-29 15:17
9025,鴻池運輸,陸運業,2836.0,3500,3.88,7.0,2,営業利益率／1株配当の推移,0,2026-09-29 15:17
9028,ゼロ,陸運業,3305.0,4030,4.29,7.5,2,営業利益率／流動比率,0,2026-09-29 15:17
9029,ヒガシホールディングス,陸運業,1878.0,2162,3.31,6.0,3,配当利回り／営業利益率／流動比率,0,2026-09-29 15:17
9034,南総通運,陸運業,1650.0,1728,4.85,7.5,2,流動比率／1株配当の推移,0,2026-09-29 15:17
9039,サカイ引越センター,陸運業,2947.0,3080,5.92,8.5,0,,0,2026-09-29 15:17
9048,名古屋鉄道,陸運業,1840.5,1898,3.26,5.5,4,配当利回り／営業利益率／自己資本比率／流動比率,0,2026-09-29 15:17
9076,セイノーホールディングス,陸運業,2623.5,2779,4.65,6.5,2,営業利益率／1株配当の推移,0,2026-09-29 15:17
9090,ＡＺ－ＣＯＭ丸和ホールディングス,陸運業,871.0,1069,3.67,5.0,2,営業利益率／流動比率,0,2026-09-29 15:17
9101,日本郵船,海運業,7070.0,7365,3.4,3.5,6,配当利回り／営業利益率／流動比率／売上高の推移／EPSの推移／1株配当の推移,0,2026-09-29 15:17
9107,川崎汽船,海運業,3287.0,3451,3.65,6.0,2,EPSの推移／1株配当の推移,0,2026-09-29 15:17
9142,九州旅客鉄道,陸運業,3399.0,4074,3.56,6.5,2,流動比率／1株配当の推移,0,2026-09-29 15:17
9143,ＳＧホールディングス,陸運業,1451.5,1586,3.72,3.5,4,営業利益率／流動比率／1株配当の推移／現金等,0,2026-09-29 15:17
9201,日本航空,空運業,3017.0,3228,3.18,6.5,3,配当利回り／流動比率／1株配当の推移,0,2026-09-29 15:17
9216,ビーウィズ,サービス業,1681.0,1881,4.58,6.5,3,営業利益率／EPSの推移／配当性向,0,2026-09-29 15:17
9220,エフビー介護サービス,サービス業,1294.0,1270,3.87,6.0,2,営業利益率／EPSの推移,0,2026-09-29 15:17
9233,アジア航測,空運業,1135.0,1313,3.87,6.5,1,営業利益率,0,2026-09-29 15:17
9248,人・夢・技術グループ,サービス業,1609.0,1742,3.73,5.0,4,営業利益率／EPSの推移／1株配当の推移／営業キャッシュフロー,0,2026-09-29 15:17
9264,ポエック,卸売業,1608.0,1773,4.66,4.5,5,自己資本比率／流動比率／EPSの推移／1株配当の推移／配当性向,0,2026-09-29 15:17
9268,オプティマスグループ,卸売業,400.0,445,4.5,3.5,5,自己資本比率／流動比率／EPSの推移／営業キャッシュフロー／現金等,0,2026-09-29 15:17
9274,ＫＰＰグループホールディングス,卸売業,1125.0,1176,3.55,4.5,4,営業利益率／自己資本比率／流動比率／EPSの推移,0,2026-09-29 15:17
9282,いちごグリーンインフラ投資法人,J-REIT市場,30600.0,60300,11.57,4.5,4,流動比率／1株配当の推移／配当性向／現金等,0,2026-09-29 15:17
9284,カナディアン・ソーラー・インフラ投資法人,J-REIT市場,74100.0,97000,8.37,6.5,2,流動比率／配当性向,0,2026-09-29 15:17
9285,東京インフラ・エネルギー投資法人,J-REIT市場,39200.0,54000,7.95,5.5,4,EPSの推移／1株配当の推移／配当性向／現金等,0,2026-09-29 15:17
9286,エネクス・インフラ投資法人,J-REIT市場,44050.0,58900,8.39,4.0,5,流動比率／EPSの推移／1株配当の推移／配当性向／現金等,0,2026-09-29 15:17
9303,住友倉庫,倉庫・運輸関連業,4065.0,4225,2.52,4.5,4,配当利回り／営業利益率／EPSの推移／1株配当の推移,0,2026-09-29 15:17
9304,澁澤倉庫,倉庫・運輸関連業,2143.0,2259,3.73,5.5,2,営業利益率／流動比率,0,2026-09-29 15:17
9305,ヤマタネ,卸売業,2034.0,2828,4.18,5.5,3,営業利益率／自己資本比率／流動比率,0,2026-09-29 15:17
9306,東陽倉庫,倉庫・運輸関連業,2003.0,2149,4.0,7.0,1,営業利益率,0,2026-09-29 15:17
9312,ケイヒン,倉庫・運輸関連業,2987.0,3350,3.69,5.5,2,営業利益率／流動比率,0,2026-09-29 15:17
9325,ファイズホールディングス,倉庫・運輸関連業,1053.0,1248,3.61,6.0,3,営業利益率／自己資本比率／1株配当の推移,0,2026-09-29 15:17
9332,ＮＩＳＳＯホールディングス,サービス業,667.0,713,3.74,5.5,3,営業利益率／1株配当の推移／現金等,0,2026-09-29 15:17
9340,アソインターナショナル,サービス業,805.0,825,3.47,7.5,2,配当利回り／1株配当の推移,0,2026-09-29 15:17
9341,ＧＥＮＯＶＡ,サービス業,622.0,663,4.82,6.1,3,営業利益率／EPSの推移／配当性向,0,2026-09-29 15:17
9351,東洋埠頭,倉庫・運輸関連業,1924.0,2084,4.15,6.5,2,営業利益率／流動比率,0,2026-09-29 15:17
9360,鈴与シンワート,情報・通信業,2800.0,3115,4.29,6.0,1,流動比率,0,2026-09-29 15:17
9363,大運,倉庫・運輸関連業,521.0,530,3.08,7.0,2,配当利回り／営業利益率,0,2026-09-29 15:17
9364,上組,倉庫・運輸関連業,4702.0,5816,4.46,9.5,0,,1,2026-09-29 15:17
9368,キムラユニティー,倉庫・運輸関連業,934.0,983,4.07,9.0,0,,0,2026-09-29 15:17
9376,ユーラシア旅行社,サービス業,770.0,955,6.49,5.5,4,営業利益率／EPSの推移／配当性向／営業キャッシュフロー,0,2026-09-29 15:17
9381,エーアイテイー,倉庫・運輸関連業,2315.0,2370,4.75,6.0,1,1株配当の推移,1,2026-09-29 15:17
9385,ショーエイコーポレーション,化学,745.0,836,4.7,6.0,2,営業利益率／EPSの推移,0,2026-09-29 15:17
9409,テレビ朝日ホールディングス,情報・通信業,2977.0,3570,3.36,6.5,2,配当利回り／現金等,0,2026-09-29 15:17
9414,日本ＢＳ放送,情報・通信業,967.0,1048,3.1,6.5,2,配当利回り／EPSの推移,0,2026-09-29 15:17
9416,ビジョン,情報・通信業,1056.0,1320,5.49,8.9,1,配当性向,0,2026-09-29 15:17
9417,スマートバリュー,情報・通信業,330.0,463,3.03,2.8,5,配当利回り／営業利益率／EPSの推移／1株配当の推移／営業キャッシュフロー,0,2026-09-29 15:17
9432,ＮＴＴ,情報・通信業,171.5,176,3.16,6.0,3,配当利回り／自己資本比率／流動比率,0,2026-09-29 15:17
9434,ソフトバンク,情報・通信業,240.2,246,3.66,6.5,2,自己資本比率／流動比率,0,2026-09-29 15:17
9438,エムティーアイ,情報・通信業,599.0,803,3.34,6.5,3,配当利回り／EPSの推移／営業キャッシュフロー,0,2026-09-29 15:17
9441,ベルパーク,情報・通信業,3080.0,3090,6.04,7.0,1,営業利益率,0,2026-09-29 15:17
9445,フォーバルテレコム,情報・通信業,529.0,591,5.3,6.0,3,営業利益率／自己資本比率／流動比率,0,2026-09-29 15:17
9446,サカイホールディングス,情報・通信業,676.0,740,5.33,6.5,2,自己資本比率／流動比率,0,2026-09-29 15:17
9450,ファイバーゲート,情報・通信業,770.0,801,3.5,6.5,1,流動比率,0,2026-09-29 15:17
9466,アイドママーケティングコミュニケーション,情報・通信業,240.0,247,4.17,5.0,3,営業利益率／EPSの推移／1株配当の推移,0,2026-09-29 15:17
9474,ゼンリン,情報・通信業,899.0,1072,4.68,5.5,4,営業利益率／流動比率／EPSの推移／配当性向,0,2026-09-29 15:17
9506,東北電力,電気・ガス業,1284.0,1330,3.12,1.5,8,配当利回り／営業利益率／自己資本比率／流動比率／売上高の推移／EPSの推移／1株配当の推移／営業キャッシュフロー,0,2026-09-29 15:17
9511,沖縄電力,電気・ガス業,1157.0,1214,4.32,3.0,6,営業利益率／自己資本比率／流動比率／EPSの推移／1株配当の推移／営業キャッシュフロー,0,2026-09-29 15:17
9513,電源開発,電気・ガス業,3973.0,4331,2.77,5.5,3,配当利回り／自己資本比率／売上高の推移,0,2026-09-29 15:17
9543,静岡ガス,電気・ガス業,1312.0,1523,3.51,8.0,1,営業利益率,0,2026-09-29 15:17
9612,ラックランド,サービス業,1254.0,1929,3.19,3.5,5,配当利回り／流動比率／EPSの推移／1株配当の推移／営業キャッシュフロー,0,2026-09-29 15:17
9619,イチネンホールディングス,サービス業,2698.0,2762,3.34,5.0,4,配当利回り／営業利益率／自己資本比率／流動比率,0,2026-09-29 15:17
9622,スペース,サービス業,1416.0,1706,5.09,7.0,2,営業利益率／営業キャッシュフロー,0,2026-09-29 15:17
9625,セレスポ,サービス業,933.0,1142,5.36,5.0,3,EPSの推移／1株配当の推移／営業キャッシュフロー,0,2026-09-29 15:17
9628,燦ホールディングス,サービス業,1328.0,1515,4.29,8.5,0,,0,2026-09-29 15:17
9639,三協フロンテア,サービス業,2347.0,2403,4.26,9.0,1,流動比率,0,2026-09-29 15:17
9640,セゾンテクノロジー,情報・通信業,1947.0,2487,4.62,5.5,2,EPSの推移／配当性向,0,2026-09-29 15:17
9644,タナベコンサルティンググループ,サービス業,715.0,779,4.48,8.0,1,1株配当の推移,0,2026-09-29 15:17
9651,日本プロセス,情報・通信業,2005.0,2066,4.18,8.5,0,,0,2026-09-29 15:17
9658,ビジネスブレイン太田昭和,情報・通信業,1137.0,1187,4.14,9.5,0,,0,2026-09-29 15:17
9682,ＤＴＳ,情報・通信業,1167.0,1310,3.26,7.5,1,配当利回り,0,2026-09-29 15:17
9686,東洋テック,サービス業,1655.0,1832,4.35,8.0,1,営業利益率,0,2026-09-29 15:17
9687,ＫＳＫ,情報・通信業,1543.0,5520,12.32,8.5,1,1株配当の推移,0,2026-09-29 15:17
9692,シーイーシー,情報・通信業,2231.0,2568,3.8,9.5,0,,0,2026-09-29 15:17
9698,クレオ,情報・通信業,1295.0,1303,4.33,8.0,0,,0,2026-09-29 15:17
9709,ＮＣＳ＆Ａ,情報・通信業,1245.0,1714,4.66,9.0,1,1株配当の推移,0,2026-09-29 15:17
9715,トランス・コスモス,サービス業,3510.0,4085,4.13,7.0,2,営業利益率／1株配当の推移,0,2026-09-29 15:17
9716,乃村工藝社,サービス業,1210.0,1466,3.64,6.0,2,1株配当の推移／営業キャッシュフロー,0,2026-09-29 15:17
9729,トーカイ,サービス業,2501.0,2625,3.2,7.5,2,配当利回り／営業利益率,0,2026-09-29 15:17
9733,ナガセ,サービス業,2248.0,2807,5.34,6.5,2,自己資本比率／流動比率,0,2026-09-29 15:17
9739,ＮＳＷ,情報・通信業,2613.0,2810,4.79,7.5,1,1株配当の推移,0,2026-09-29 15:17
9740,セントラル警備保障,サービス業,2660.0,3070,3.1,6.0,3,配当利回り／営業利益率／EPSの推移,0,2026-09-29 15:17
9743,丹青社,サービス業,1398.0,1626,5.15,8.0,1,1株配当の推移,0,2026-09-29 15:17
9744,メイテックグループホールディングス,サービス業,3361.0,3546,5.4,8.5,1,配当性向,0,2026-09-29 15:17
9753,アイエックス・ナレッジ,情報・通信業,1411.0,1525,3.54,8.0,0,,0,2026-09-29 15:17
9755,応用地質,サービス業,2805.0,3115,3.92,6.5,3,営業利益率／配当性向／営業キャッシュフロー,0,2026-09-29 15:17
9757,船井総研ホールディングス,サービス業,1169.0,1292,4.11,8.0,1,現金等,1,2026-09-29 15:17
9759,ＮＳＤ,情報・通信業,3002.0,3626,3.23,7.0,2,配当利回り／1株配当の推移,0,2026-09-29 15:17
9761,東海リース,サービス業,2397.0,2739,5.02,7.0,1,1株配当の推移,0,2026-09-29 15:17
9763,丸建リース,卸売業,1251.0,1667,4.32,6.0,2,営業利益率／流動比率,0,2026-09-29 15:17
9765,オオバ,サービス業,1201.0,1233,3.68,7.0,2,営業キャッシュフロー／現金等,0,2026-09-29 15:17
9768,いであ,サービス業,3795.0,4575,3.11,7.0,3,配当利回り／営業キャッシュフロー／現金等,0,2026-09-29 15:17
9769,学究社,サービス業,2545.0,2693,5.11,7.0,1,流動比率,1,2026-09-29 15:17
9780,ハリマビステム,サービス業,1141.0,1152,3.15,6.5,2,配当利回り／営業利益率,0,2026-09-29 15:17
9782,ディーエムエス,サービス業,3300.0,4090,7.03,7.0,2,営業利益率／配当性向,0,2026-09-29 15:17
9788,ナック,サービス業,513.0,550,6.63,5.5,3,営業利益率／1株配当の推移／営業キャッシュフロー,0,2026-09-29 15:17
9791,ビケンテクノ,サービス業,1175.0,1436,3.05,5.0,4,配当利回り／営業利益率／EPSの推移／営業キャッシュフロー,0,2026-09-29 15:17
9795,ステップ,サービス業,2196.0,2565,4.01,9.0,0,,0,2026-09-29 15:17
9799,旭情報サービス,情報・通信業,950.0,1303,3.58,9.0,0,,0,2026-09-29 15:17
9827,リリカラ,卸売業,643.0,724,5.6,4.5,3,営業利益率／自己資本比率／営業キャッシュフロー,0,2026-09-29 15:17
9832,オートバックスセブン,卸売業,1556.0,1777,3.85,6.5,2,営業利益率／1株配当の推移,0,2026-09-29 15:17
9837,モリト,卸売業,1805.0,2108,4.0,7.0,2,営業利益率／1株配当の推移,0,2026-09-29 15:17
9845,パーカーコーポレーション,化学,1332.0,1731,3.99,8.5,0,,0,2026-09-29 15:17
9856,ケーユーホールディングス,小売業,1199.0,1334,4.84,6.0,4,営業利益率／EPSの推移／1株配当の推移／営業キャッシュフロー,0,2026-09-29 15:17
9857,英和,卸売業,2600.0,2751,3.7,5.5,3,営業利益率／1株配当の推移／営業キャッシュフロー,0,2026-09-29 15:17
9882,イエローハット,卸売業,1653.0,1809,4.11,8.5,0,,0,2026-09-29 15:17
9889,ＪＢＣＣホールディングス,情報・通信業,1714.0,1791,3.51,8.5,0,,0,2026-09-29 15:17
9896,ＪＫホールディングス,卸売業,1400.0,1560,4.29,4.5,4,営業利益率／自己資本比率／流動比率／EPSの推移,0,2026-09-29 15:17
9902,日伝,卸売業,3245.0,3265,3.7,7.5,2,営業利益率／1株配当の推移,0,2026-09-29 15:17
9906,藤井産業,卸売業,4200.0,4410,4.76,7.5,2,営業利益率／1株配当の推移,0,2026-09-29 15:17
9908,日本電計,卸売業,2936.0,2950,3.75,6.5,2,営業利益率／営業キャッシュフロー,0,2026-09-29 15:17
9914,植松商会,卸売業,736.0,,4.42,6.2,2,営業利益率／営業キャッシュフロー,0,2026-09-29 15:17
9928,ミロク情報サービス,情報・通信業,2096.0,2086,3.11,7.5,1,配当利回り,0,2026-09-29 15:17
9932,杉本商事,卸売業,1307.0,1808,4.14,8.0,2,営業利益率／1株配当の推移,0,2026-09-29 15:17
9960,東テク,卸売業,4135.0,4570,4.16,9.5,0,,0,2026-09-29 15:17
9986,蔵王産業,卸売業,2494.0,2701,4.01,7.0,1,1株配当の推移,1,2026-09-29 15:17
9989,サンドラッグ,小売業,3550.0,4337,3.73,7.5,1,営業利益率,1,2026-09-29 15:17
9990,サックスバー　ホールディングス,小売業,750.0,850,4.66,7.5,1,営業利益率,0,2026-09-29 15:17
9991,ジェコス,卸売業,1768.0,1931,3.9,7.5,2,営業利益率／1株配当の推移,0,2026-09-29 15:17
9994,やまや,小売業,1997.0,2396,3.62,8.5,1,営業利益率,0,2026-09-29 15:17
9997,ベルーナ,小売業,1065.0,1103,3.67,8.0,0,,0,2026-09-29 15:17
